xmin,ymin,xmax,ymax,Text
2142,211,2159,189,\W1.001346;P
2162,211,2167,189,\W0.998323;.
2170,211,2192,188,\W1.001018;O
2195,211,2200,189,\W0.998323;.
2204,211,2223,189,\W1.000781;B
2225,211,2247,188,\W1.001018;O
2249,211,2269,189,\W1.000797;X
2281,211,2285,189,\W0.998323;:
2298,211,2313,189,\W1.000861;5
2315,211,2330,189,\W1.001205;6
2332,211,2348,189,\W1.001341;4
2350,216,2355,189,"\W0.996957;,"
2367,211,2385,189,\W0.999597;T
2386,211,2401,189,\W0.999117;e
2405,211,2409,189,\W0.998323;l
2414,211,2418,189,\W0.998323;:
2431,211,2445,189,\W1.002139;0
2448,211,2464,189,\W1.001341;4
2467,211,2475,189,\W0.998766;-
2476,211,2491,189,\W1.000592;3
2493,211,2508,189,\W1.001336;2
2510,211,2525,189,\W1.001336;2
2529,211,2539,189,\W1.000662;1
2545,211,2560,189,\W1.001336;2
2562,211,2577,189,\W1.001205;6
2579,211,2594,189,\W1.001336;2
2597,216,2602,189,"\W0.996957;,"
2615,211,2630,189,\W0.999328;F
2633,211,2648,189,\W1.001593;a
2650,211,2666,189,\W1.001057;x
2670,211,2674,189,\W0.998323;:
2687,211,2701,189,\W1.002139;0
2703,211,2719,189,\W1.001341;4
2722,211,2731,189,\W0.998766;-
2732,211,2747,189,\W1.000592;3
2749,211,2764,189,\W1.001336;2
2766,211,2782,189,\W1.001341;4
2784,211,2799,189,\W1.000861;5
2801,211,2816,189,\W1.000861;5
2818,211,2834,189,\W1.001341;4
2836,211,2851,189,\W1.000861;5
2215,247,2233,225,\W1.002794;D
2237,247,2255,225,\W1.000512;U
2259,247,2278,225,\W1.000781;B
2279,247,2302,225,\W1.001408;A
2304,247,2308,225,\W0.999554;I
2312,252,2317,225,"\W0.996957;,"
2330,247,2347,225,\W1.000512;U
2353,247,2357,225,\W0.998323;.
2359,247,2381,225,\W1.001408;A
2384,247,2388,225,\W0.998323;.
2392,247,2409,225,\W1.002072;E
2413,247,2417,225,\W0.998323;.
2428,247,2457,225,\W1.000316;W
2459,247,2474,225,\W0.999117;e
2477,247,2493,225,\W1.000519;b
2497,247,2501,225,\W0.998323;:
2513,247,2537,225,\W1.000750;w
2537,247,2561,225,\W1.000750;w
2561,247,2585,225,\W1.000750;w
2588,247,2592,225,\W0.998323;.
2595,247,2611,225,\W1.000519;d
2614,247,2629,225,\W0.999117;e
2630,247,2654,225,\W1.000750;w
2656,247,2671,225,\W1.001593;a
2674,247,2678,225,\W0.998323;.
2682,253,2697,225,\W0.999554;g
2700,247,2717,225,\W1.000820;o
2719,247,2735,225,\W0.999186;v
2738,247,2742,225,\W0.998323;.
2746,247,2761,225,\W1.001593;a
2763,247,2778,225,\W0.999117;e
2206,155,2211,133,\W0.999554;I
2215,155,2229,133,\W0.998941;n
2232,155,2242,132,\W1.001571;f
2243,155,2254,133,\W1.000649;r
2255,155,2270,133,\W1.001593;a
2272,155,2287,133,\W1.002476;s
2289,155,2298,133,\W1.000029;t
2301,155,2311,133,\W1.000649;r
2312,155,2327,133,\W0.999903;u
2331,155,2346,133,\W1.000721;c
2347,155,2357,133,\W1.000029;t
2359,155,2374,133,\W0.999903;u
2379,155,2389,133,\W1.000649;r
2390,155,2405,133,\W0.999117;e
2417,155,2421,133,\W0.999554;I
2425,155,2440,133,\W0.998941;n
2442,155,2453,132,\W1.001571;f
2453,155,2470,133,\W1.000820;o
2473,155,2484,133,\W1.000649;r
2485,155,2509,133,\W0.999516;m
2512,155,2527,133,\W1.001593;a
2529,155,2538,133,\W1.000029;t
2541,155,2545,133,\W0.998323;i
2549,155,2565,133,\W1.000820;o
2568,155,2583,133,\W0.998941;n
2595,155,2615,132,\W1.001045;&amp;
2627,155,2644,133,\W1.001346;P
2647,155,2662,133,\W0.999117;e
2665,155,2676,133,\W1.000649;r
2677,155,2701,133,\W0.999516;m
2705,155,2709,133,\W0.998323;i
2712,155,2721,133,\W1.000029;t
2722,155,2737,133,\W1.002476;s
791,1153,837,1087,\W1.313683;J
519,2125,566,2060,\W1.313683;J
1417,1940,1464,1875,\W1.313683;J
1805,776,1852,711,\W1.313683;J
458,2105,504,2039,\W1.313683;J
1102,1279,1150,1218,\W0.927608;\Q0.00406;d
1550,653,1611,605,\W0.927608;\Q-0.00404;d
1181,2585,1242,2536,\W0.927608;\Q-0.00404;d
1414,416,1462,354,\W0.927608;\Q0.00404;d
2444,2609,2492,2548,\W0.927608;\Q0.00390;d
1083,1427,1131,1366,\W0.927608;\Q0.00404;d
1192,1292,1241,1236,\W0.961887;\Q0.00404;Z
1442,447,1527,363,\W1.233243;\Q0.00404;S
1106,1456,1191,1372,\W1.233243;\Q0.00404;S
1161,1289,1247,1205,\W1.233243;\Q0.00404;S
1137,1457,1186,1401,\W0.961887;\Q0.00404;Z
1473,449,1522,394,\W0.961887;\Q0.00404;Z
2415,2616,2465,2560,\W0.961887;\Q0.00416;Z
1442,447,1527,363,\W1.233243;\Q0.00404;S
1106,1456,1191,1372,\W1.233243;\Q0.00404;S
1161,1289,1247,1205,\W1.233243;\Q0.00404;S
791,1153,837,1087,\W1.313683;J
519,2125,566,2060,\W1.313683;J
1417,1940,1464,1875,\W1.313683;J
1805,776,1852,711,\W1.313683;J
458,2105,504,2039,\W1.313683;J
1102,1279,1150,1218,\W0.927608;\Q0.00406;d
1550,653,1611,605,\W0.927608;\Q-0.00404;d
1181,2585,1242,2536,\W0.927608;\Q-0.00404;d
1414,416,1462,354,\W0.927608;\Q0.00404;d
2444,2609,2492,2548,\W0.927608;\Q0.00390;d
1083,1427,1131,1366,\W0.927608;\Q0.00404;d
1192,1292,1241,1236,\W0.961887;\Q0.00404;Z
1442,447,1527,363,\W1.233243;\Q0.00404;S
1106,1456,1191,1372,\W1.233243;\Q0.00404;S
1161,1289,1247,1205,\W1.233243;\Q0.00404;S
1137,1457,1186,1401,\W0.961887;\Q0.00404;Z
1473,449,1522,394,\W0.961887;\Q0.00404;Z
2415,2616,2465,2560,\W0.961887;\Q0.00416;Z
1442,447,1527,363,\W1.233243;\Q0.00404;S
1106,1456,1191,1372,\W1.233243;\Q0.00404;S
1161,1289,1247,1205,\W1.233243;\Q0.00404;S
791,1153,837,1087,\W1.313683;J
519,2125,566,2060,\W1.313683;J
1417,1940,1464,1875,\W1.313683;J
1805,776,1852,711,\W1.313683;J
458,2105,504,2039,\W1.313683;J
833,1144,850,1117,\W1.001554;5
855,1143,865,1117,\W1.000949;1
873,1143,890,1117,\W1.002074;7
893,1144,910,1117,\W1.001289;3
913,1144,930,1117,\W1.001289;3
933,1144,950,1117,\W1.001422;8
954,1148,958,1117,"\W1.000148;,"
973,1143,990,1117,\W1.001005;2
993,1143,1010,1117,\W1.002074;7
1013,1144,1030,1117,\W1.000870;9
1032,1143,1049,1117,\W1.001005;2
1053,1144,1070,1117,\W1.000870;9
1073,1144,1090,1117,\W1.001289;3
1096,1143,1105,1117,\W1.000949;1
1195,2580,1215,2563,\W1.001005;\Q-0.00412;2
1199,2568,1219,2551,\W1.001005;\Q-0.00412;2
1204,2555,1224,2537,\W1.001554;\Q-0.00412;5
1210,2535,1232,2513,\W1.001361;\Q-0.00412;M
1217,2516,1238,2494,\W1.001361;\Q-0.00412;M
1225,2491,1243,2481,\W1.002522;\Q-0.00412;I
1227,2484,1247,2468,\W1.001151;\Q-0.00412;n
1233,2467,1255,2444,\W1.000360;\Q-0.00412;O
1239,2450,1264,2431,\W1.001468;\Q-0.00412;p
1243,2436,1264,2419,\W1.001205;\Q-0.00412;e
1248,2423,1266,2410,\W1.001496;\Q-0.00412;r
1250,2416,1270,2399,\W1.000182;\Q-0.00412;a
1254,2404,1273,2392,\W0.998142;\Q-0.00412;t
1257,2396,1274,2388,\W0.998237;\Q-0.00412;i
1258,2392,1278,2375,\W1.001058;\Q-0.00412;o
1263,2379,1282,2362,\W1.001151;\Q-0.00412;n
330,2024,344,2005,\W1.000949;\Q0.00411;1
340,2029,357,2009,\W1.001554;\Q0.00411;5
353,2034,370,2013,\W1.001712;\Q0.00411;0
373,2042,395,2020,\W1.001361;\Q0.00411;M
392,2048,414,2026,\W1.001361;\Q0.00411;M
417,2052,427,2035,\W1.002522;\Q0.00411;I
424,2056,440,2037,\W1.001151;\Q0.00411;n
441,2065,464,2042,\W1.000360;\Q0.00411;O
458,2073,477,2049,\W1.001469;\Q0.00411;p
472,2073,489,2053,\W1.001205;\Q0.00411;e
485,2076,498,2057,\W1.001496;\Q0.00411;r
492,2080,509,2059,\W1.000182;\Q0.00411;a
504,2082,516,2064,\W0.998142;\Q0.00411;t
512,2083,520,2066,\W0.998236;\Q0.00411;i
516,2088,533,2068,\W1.001058;\Q0.00411;o
529,2092,546,2072,\W1.001151;\Q0.00411;n
330,961,344,942,\W1.000949;\Q0.00411;1
340,965,357,945,\W1.001712;\Q0.00411;0
353,970,370,949,\W1.001712;\Q0.00411;0
373,978,395,956,\W1.001361;\Q0.00411;M
392,984,414,962,\W1.001361;\Q0.00411;M
417,988,427,971,\W1.002522;\Q0.00411;I
424,993,440,973,\W1.001151;\Q0.00411;n
441,1001,464,979,\W1.000360;\Q0.00411;O
458,1009,477,985,\W1.001469;\Q0.00411;p
472,1009,489,989,\W1.001205;\Q0.00411;e
485,1012,498,993,\W1.001496;\Q0.00411;r
492,1016,509,996,\W1.000182;\Q0.00411;a
504,1018,516,1000,\W0.998142;\Q0.00411;t
512,1019,520,1002,\W0.998236;\Q0.00411;i
516,1024,533,1004,\W1.001058;\Q0.00411;o
529,1028,546,1008,\W1.001151;\Q0.00411;n
2316,2888,2336,2871,\W1.001289;\Q-0.00412;3
2320,2876,2340,2859,\W1.001712;\Q-0.00412;0
2324,2863,2345,2846,\W1.001712;\Q-0.00412;0
2331,2844,2353,2821,\W1.001361;\Q-0.00412;M
2337,2825,2359,2802,\W1.001361;\Q-0.00412;M
2346,2799,2363,2789,\W1.002522;\Q-0.00412;I
2348,2793,2368,2776,\W1.001151;\Q-0.00412;n
2354,2775,2376,2753,\W1.000360;\Q-0.00412;O
2360,2758,2384,2740,\W1.001468;\Q-0.00412;p
2364,2744,2384,2727,\W1.001205;\Q-0.00412;e
2368,2731,2387,2718,\W1.001496;\Q-0.00412;r
2371,2725,2391,2708,\W1.000182;\Q-0.00412;a
2375,2712,2393,2701,\W0.998142;\Q-0.00412;t
2377,2705,2394,2696,\W0.998237;\Q-0.00412;i
2379,2700,2399,2683,\W1.001058;\Q-0.00412;o
2383,2687,2403,2671,\W1.001151;\Q-0.00412;n
330,1147,344,1128,\W1.000949;\Q0.00411;1
340,1152,357,1131,\W1.001712;\Q0.00411;0
353,1156,370,1136,\W1.001712;\Q0.00411;0
373,1164,395,1142,\W1.001361;\Q0.00411;M
392,1170,414,1148,\W1.001361;\Q0.00411;M
417,1174,427,1157,\W1.002522;\Q0.00411;I
424,1179,440,1159,\W1.001151;\Q0.00411;n
441,1187,464,1165,\W1.000360;\Q0.00411;O
458,1195,477,1171,\W1.001469;\Q0.00411;p
472,1195,489,1175,\W1.001205;\Q0.00411;e
485,1198,498,1179,\W1.001496;\Q0.00411;r
492,1202,509,1182,\W1.000182;\Q0.00411;a
504,1204,516,1186,\W0.998142;\Q0.00411;t
512,1206,520,1188,\W0.998236;\Q0.00411;i
516,1210,533,1190,\W1.001058;\Q0.00411;o
529,1214,546,1194,\W1.001151;\Q0.00411;n
1255,334,1269,315,\W1.000949;\Q0.00411;1
1265,339,1282,318,\W1.001712;\Q0.00411;0
1278,343,1295,323,\W1.001712;\Q0.00411;0
1298,351,1320,329,\W1.001361;\Q0.00411;M
1317,357,1339,335,\W1.001361;\Q0.00411;M
1342,361,1352,344,\W1.002522;\Q0.00411;I
1349,366,1365,346,\W1.001151;\Q0.00411;n
1367,374,1389,352,\W1.000360;\Q0.00411;O
1383,382,1402,358,\W1.001469;\Q0.00411;p
1397,382,1414,362,\W1.001205;\Q0.00411;e
1410,385,1423,366,\W1.001496;\Q0.00411;r
1417,389,1434,369,\W1.000182;\Q0.00411;a
1429,391,1441,373,\W0.998142;\Q0.00411;t
1437,393,1445,375,\W0.998236;\Q0.00411;i
1441,397,1458,377,\W1.001058;\Q0.00411;o
1454,401,1471,381,\W1.001151;\Q0.00411;n
2194,2313,2205,2296,\W1.001005;2
2207,2314,2218,2296,\W1.001422;8
2222,2313,2229,2296,\W1.000949;1
2233,2313,2240,2296,\W1.000575;-
2241,2313,2253,2296,\W1.001005;2
2255,2313,2266,2296,\W1.000981;4
2268,2313,2279,2296,\W1.002074;7
2282,2314,2293,2296,\W1.001712;0
1185,809,1197,792,\W1.001005;2
1199,809,1210,792,\W1.001422;8
1214,809,1220,792,\W1.000949;1
1225,809,1231,792,\W1.000575;-
1235,809,1241,792,\W1.000949;1
1247,809,1258,792,\W1.001422;8
1260,809,1271,792,\W1.001712;0
1273,809,1285,792,\W1.000870;9
635,1786,646,1769,\W1.001005;2
648,1786,659,1769,\W1.001422;8
663,1786,670,1769,\W1.000949;1
674,1786,681,1769,\W1.000575;-
684,1786,690,1769,\W1.000949;1
696,1786,707,1769,\W1.002074;7
709,1786,720,1769,\W1.001422;8
723,1786,734,1769,\W1.001422;8
1059,2800,1070,2783,\W1.001005;2
1072,2800,1083,2783,\W1.001422;8
1087,2800,1094,2783,\W1.000949;1
1099,2800,1105,2783,\W1.000575;-
1108,2800,1115,2783,\W1.000949;1
1120,2800,1131,2783,\W1.001289;3
1133,2800,1144,2783,\W1.000981;4
1147,2800,1158,2783,\W1.001554;5
320,2678,331,2661,\W1.001005;2
333,2678,344,2661,\W1.001422;8
349,2678,355,2661,\W1.000949;1
360,2678,366,2661,\W1.000575;-
369,2678,376,2661,\W1.000949;1
381,2678,393,2661,\W1.001289;3
394,2678,405,2661,\W1.000981;4
408,2678,419,2661,\W0.998941;6
270,603,281,586,\W1.001005;2
283,603,294,586,\W1.001422;8
298,603,304,586,\W1.000949;1
309,603,316,586,\W1.000575;-
319,603,325,586,\W1.000949;1
331,603,342,586,\W1.001422;8
344,603,355,586,\W1.001712;0
358,603,369,586,\W1.002074;7
1748,1917,1759,1900,\W1.001005;2
1761,1918,1772,1900,\W1.001422;8
1776,1917,1782,1900,\W1.000949;1
1787,1917,1794,1900,\W1.000575;-
1795,1918,1806,1900,\W1.000870;9
1808,1917,1820,1900,\W1.000981;4
1822,1917,1833,1900,\W1.002074;7
1836,1918,1847,1900,\W1.001712;0
1850,1609,1862,1592,\W1.001005;2
1864,1609,1875,1592,\W1.001422;8
1879,1609,1885,1592,\W1.000949;1
1890,1609,1896,1592,\W1.000575;-
1898,1609,1909,1592,\W1.000870;9
1911,1609,1923,1592,\W1.000981;4
1925,1609,1936,1592,\W0.998941;6
1938,1609,1949,1592,\W1.001422;8
649,860,660,843,\W1.001005;2
662,860,673,843,\W1.001422;8
677,860,683,843,\W1.000949;1
688,860,695,843,\W1.000575;-
698,860,704,843,\W1.000949;1
710,860,721,843,\W1.001422;8
724,860,731,843,\W1.000949;1
736,860,748,843,\W1.001422;8
2056,991,2067,974,\W1.001005;2
2069,992,2080,974,\W1.001422;8
2084,991,2091,974,\W1.000949;1
2095,991,2102,974,\W1.000575;-
2105,991,2111,974,\W1.000949;1
2117,992,2128,974,\W1.001289;3
2130,992,2141,974,\W1.001422;8
2144,992,2155,974,\W0.998941;6
1542,2535,1553,2518,\W1.001005;2
1555,2535,1566,2518,\W1.001422;8
1570,2535,1577,2518,\W1.000949;1
1582,2535,1588,2518,\W1.000575;-
1589,2535,1601,2518,\W1.001005;2
1603,2535,1614,2518,\W1.000981;4
1616,2535,1627,2518,\W1.000870;9
1630,2535,1641,2518,\W1.001422;8
1953,1300,1964,1283,\W1.001005;2
1966,1300,1977,1283,\W1.001422;8
1982,1300,1988,1283,\W1.000949;1
1993,1300,1999,1283,\W1.000575;-
2002,1300,2009,1283,\W1.000949;1
2014,1300,2026,1283,\W1.001289;3
2027,1300,2039,1283,\W1.001422;8
2041,1300,2052,1283,\W1.001554;5
1653,2182,1665,2165,\W1.001005;2
1667,2182,1678,2165,\W1.001422;8
1682,2182,1688,2165,\W1.000949;1
1693,2182,1699,2165,\W1.000575;-
1703,2182,1709,2165,\W1.000949;1
1715,2182,1726,2165,\W1.001289;3
1728,2182,1739,2165,\W1.001422;8
1741,2182,1752,2165,\W1.001289;3
406,1429,418,1411,\W1.001005;2
420,1429,431,1411,\W1.001422;8
435,1429,441,1411,\W1.000949;1
446,1429,452,1412,\W1.000575;-
456,1429,462,1411,\W1.000949;1
468,1429,479,1412,\W1.002074;7
481,1429,492,1411,\W1.001422;8
494,1429,505,1411,\W1.000870;9
2124,676,2135,659,\W1.001005;2
2137,676,2149,659,\W1.001422;8
2153,676,2159,659,\W1.000949;1
2164,676,2170,659,\W1.000575;-
2173,676,2180,659,\W1.000949;1
2186,676,2197,659,\W1.001289;3
2198,676,2210,659,\W1.001422;8
2212,676,2223,659,\W1.002074;7
306,1821,318,1804,\W1.001005;2
320,1821,331,1804,\W1.001422;8
335,1821,341,1804,\W1.000949;1
346,1821,352,1804,\W1.000575;-
356,1821,362,1804,\W1.000949;1
368,1821,379,1804,\W1.002074;7
381,1821,392,1804,\W1.000870;9
394,1821,405,1804,\W1.001712;0
772,488,783,471,\W1.001005;2
785,488,797,471,\W1.001422;8
801,488,807,471,\W1.000949;1
812,488,818,471,\W1.000575;-
821,488,828,471,\W1.000949;1
834,488,845,471,\W1.001422;8
848,488,854,471,\W1.000949;1
860,488,871,471,\W1.002074;7
2177,421,2189,404,\W1.001005;2
2191,422,2202,404,\W1.001422;8
2206,421,2212,404,\W1.000949;1
2217,421,2223,404,\W1.000575;-
2227,421,2233,404,\W1.000949;1
2239,422,2250,404,\W1.001289;3
2252,422,2263,404,\W1.001422;8
2265,422,2276,404,\W1.001422;8
121,1290,132,1273,\W1.001005;2
134,1291,145,1273,\W1.001422;8
149,1290,156,1273,\W1.000949;1
161,1290,167,1274,\W1.000575;-
170,1290,177,1273,\W1.000949;1
182,1290,193,1274,\W1.002074;7
195,1291,206,1273,\W1.000870;9
209,1290,220,1273,\W1.001005;2
1840,2771,1852,2754,\W1.001005;2
1853,2772,1865,2754,\W1.001422;8
1869,2771,1875,2754,\W1.000949;1
1880,2771,1886,2754,\W1.000575;-
1888,2772,1899,2754,\W1.001422;8
1902,2771,1913,2754,\W1.002074;7
1914,2771,1926,2754,\W1.000981;4
1928,2772,1939,2754,\W1.001289;3
118,1564,129,1547,\W1.001005;2
131,1564,142,1547,\W1.001422;8
147,1564,153,1547,\W1.000949;1
158,1564,164,1547,\W1.000575;-
167,1564,174,1547,\W1.000949;1
180,1564,191,1547,\W1.002074;7
192,1564,204,1547,\W1.000870;9
208,1564,214,1547,\W1.000949;1
226,1660,241,1642,\W1.001239;C
243,1660,260,1642,\W1.001018;O
262,1659,278,1642,\W1.001964;M
282,1659,298,1642,\W1.001964;M
302,1660,316,1642,\W1.000512;U
319,1659,333,1642,\W1.001661;N
336,1659,340,1642,\W0.999554;I
342,1659,355,1642,\W0.999597;T
356,1659,372,1642,\W1.001282;Y
381,1659,384,1642,\W0.998323;:
394,1659,411,1642,\W1.001408;A
413,1659,425,1642,\W0.999938;L
434,1659,449,1642,\W0.999749;K
452,1659,465,1642,\W1.000569;H
467,1659,489,1642,\W1.000316;W
489,1659,506,1642,\W1.001408;A
508,1659,522,1642,\W1.001661;N
526,1659,538,1642,\W1.002073;E
542,1659,555,1642,\W1.002073;E
557,1660,567,1642,\W1.001309;J
578,1659,590,1642,\W0.999328;F
592,1659,596,1642,\W0.999554;I
599,1659,614,1642,\W1.001164;R
615,1660,629,1642,\W1.000119;S
631,1659,645,1642,\W0.999597;T
384,344,393,327,\W0.999518;5
397,343,403,327,\W0.999009;1
407,344,417,327,\W1.002049;7
420,344,428,327,\W1.000577;3
431,344,441,327,\W0.999474;0
443,344,453,327,\W0.999474;0
384,2963,393,2947,\W0.999518;5
397,2963,403,2947,\W0.999009;1
407,2963,417,2947,\W1.002049;7
420,2963,428,2947,\W1.000577;3
431,2963,441,2947,\W0.999474;0
443,2963,453,2947,\W0.999474;0
1452,344,1461,327,\W0.999518;5
1465,343,1471,327,\W0.999009;1
1475,344,1485,327,\W1.002049;7
1487,343,1498,327,\W0.999035;4
1499,344,1509,327,\W0.999474;0
1511,344,1521,327,\W0.999474;0
1452,2963,1461,2947,\W0.999518;5
1465,2963,1471,2947,\W0.999009;1
1475,2963,1485,2947,\W1.002049;7
1487,2963,1498,2947,\W0.999035;4
1499,2963,1509,2947,\W0.999474;0
1511,2963,1521,2947,\W0.999474;0
138,2582,154,2572,\W0.999430;2
138,2571,154,2561,\W1.002049;7
138,2558,154,2548,\W0.998091;9
138,2546,154,2536,\W0.999430;2
138,2534,154,2525,\W0.996890;8
138,2522,154,2512,\W0.999474;0
138,2510,154,2500,\W0.999474;0
2438,2582,2454,2572,\W0.999430;2
2438,2571,2455,2561,\W1.002049;7
2438,2558,2455,2548,\W0.998091;9
2438,2546,2454,2536,\W0.999430;2
2438,2534,2455,2525,\W0.996890;8
2438,2522,2455,2512,\W0.999474;0
2438,2510,2455,2500,\W0.999474;0
138,1515,154,1505,\W0.999430;2
138,1503,154,1493,\W1.002049;7
138,1491,154,1481,\W0.998091;9
138,1479,154,1469,\W0.999430;2
138,1467,154,1457,\W0.998091;9
138,1455,154,1445,\W0.999474;0
138,1443,154,1433,\W0.999474;0
2438,1515,2454,1505,\W0.999430;2
2438,1503,2455,1493,\W1.002049;7
2438,1491,2455,1481,\W0.998091;9
2438,1479,2454,1469,\W0.999430;2
2438,1467,2455,1457,\W0.998091;9
2438,1455,2455,1445,\W0.999474;0
2438,1443,2455,1433,\W0.999474;0
138,448,154,438,\W0.999430;2
138,436,154,426,\W1.002049;7
138,424,154,414,\W0.998091;9
138,412,154,403,\W1.000577;3
138,400,154,390,\W0.999474;0
138,388,154,378,\W0.999474;0
138,376,154,366,\W0.999474;0
2438,448,2454,438,\W0.999430;2
2438,436,2455,426,\W1.002049;7
2438,424,2455,414,\W0.998091;9
2438,412,2455,403,\W1.000577;3
2438,400,2455,390,\W0.999474;0
2438,388,2455,378,\W0.999474;0
2438,376,2455,366,\W0.999474;0
4094,3006,4104,2993,\W1.002072;E
4106,3006,4115,2993,\W0.999938;L
4117,3006,4126,2993,\W1.002072;E
4128,3006,4139,2993,\W1.001239;C
4140,3006,4150,2993,\W0.999597;T
4152,3006,4163,2993,\W1.001164;R
4165,3006,4167,2993,\W0.999554;I
4169,3006,4180,2993,\W1.001239;C
4182,3006,4184,2993,\W0.999554;I
4186,3006,4196,2993,\W0.999597;T
4196,3006,4208,2993,\W1.001282;Y
4214,3006,4224,2993,\W1.001661;N
4227,3006,4237,2993,\W1.002072;E
4238,3006,4248,2993,\W0.999597;T
4248,3006,4265,2993,\W1.000316;W
4265,3006,4278,2993,\W1.001018;O
4280,3006,4291,2993,\W1.001164;R
4293,3006,4304,2993,\W0.999749;K
4311,3006,4320,2993,\W0.999938;L
4321,3006,4330,2993,\W1.002072;E
4332,3006,4344,2993,\W1.001283;G
4346,3006,4356,2993,\W1.002072;E
4358,3006,4368,2993,\W1.001661;N
4371,3006,4382,2993,\W1.002794;D
129,3032,138,3021,\W0.999597;T
137,3032,149,3021,\W1.001408;A
150,3032,159,3021,\W1.001346;P
160,3032,169,3021,\W1.001346;P
171,3032,174,3021,\W0.999554;I
176,3032,185,3021,\W1.001661;N
186,3032,197,3021,\W1.001282;G
148,3050,158,3038,\W1.001176;C
160,3050,168,3038,\W1.001058;o
169,3050,180,3038,\W0.999575;m
183,3050,194,3038,\W0.999575;m
195,3050,203,3038,\W1.001058;o
205,3050,211,3038,\W1.001151;n
217,3050,226,3038,\W1.000799;T
225,3050,232,3038,\W1.000182;a
234,3053,242,3038,\W1.001469;p
148,3068,157,3057,\W1.002574;S
160,3068,161,3057,\W0.998236;i
163,3068,170,3057,\W1.001151;n
171,3072,178,3057,\W1.000740;g
181,3068,182,3057,\W0.998236;l
184,3068,192,3057,\W1.001205;e
196,3068,206,3057,\W1.000799;T
204,3068,212,3057,\W1.000182;a
214,3071,221,3057,\W1.001469;p
135,3069,138,3047,\W0.953429;I
130,3053,145,3031,\W1.313683;J
432,3126,442,3114,\W1.001239;C
444,3126,455,3114,\W1.001018;O
456,3126,465,3114,\W1.001661;N
468,3126,478,3114,\W1.002794;D
479,3126,488,3114,\W1.000512;U
490,3126,493,3114,\W0.999554;I
495,3126,504,3114,\W0.999597;T
509,3126,518,3114,\W1.000119;S
519,3126,530,3114,\W1.001282;Y
530,3126,539,3114,\W1.000119;S
541,3126,550,3114,\W0.999597;T
551,3126,560,3114,\W1.002072;E
561,3126,572,3114,\W1.001964;M
488,3143,498,3131,\W1.001176;C
499,3143,506,3131,\W1.000532;u
508,3143,510,3131,\W0.998236;l
511,3143,519,3131,\W1.000592;v
519,3143,527,3131,\W1.001205;e
529,3143,533,3131,\W1.001496;r
533,3143,537,3131,\W0.998142;t
488,3159,498,3147,\W1.000895;D
499,3159,506,3147,\W1.000532;u
507,3159,515,3147,\W1.001537;c
516,3159,520,3147,\W0.998142;t
132,3083,142,3071,\W1.001239;C
143,3083,154,3071,\W1.001018;O
156,3083,165,3071,\W1.001661;N
166,3083,176,3071,\W1.000119;S
178,3083,187,3071,\W1.000512;U
189,3083,200,3071,\W1.001964;M
203,3083,211,3071,\W1.002072;E
213,3083,223,3071,\W1.001164;R
229,3083,240,3071,\W1.001964;M
242,3083,251,3071,\W1.002072;E
252,3083,261,3071,\W0.999597;T
262,3083,271,3071,\W1.002072;E
273,3083,284,3071,\W1.001164;R
132,3103,153,3082,\W1.103123;R
148,3101,157,3090,\W1.000154;B
158,3101,165,3090,\W1.000532;u
167,3101,169,3090,\W0.998236;l
171,3101,178,3090,\W1.000455;k
131,3122,155,3098,\W1.292642;P
148,3120,158,3108,\W1.001176;C
159,3120,167,3108,\W1.001058;o
168,3120,179,3108,\W0.999575;m
182,3120,189,3108,\W1.000382;b
190,3120,192,3108,\W0.998236;i
194,3120,200,3108,\W1.001151;n
203,3120,210,3108,\W1.000182;a
211,3120,215,3108,\W0.998142;t
216,3120,217,3108,\W0.998236;i
219,3120,227,3108,\W1.001058;o
229,3120,235,3108,\W1.001151;n
133,3141,157,3117,\W1.304222;H
148,3138,155,3127,\W1.000927;F
158,3138,159,3127,\W0.998236;i
161,3138,162,3127,\W0.998236;l
164,3138,166,3127,\W0.998236;l
168,3138,169,3127,\W0.998236;i
171,3138,178,3127,\W1.001151;n
180,3142,187,3127,\W1.000740;g
127,3161,156,3135,\W1.232029;Q
147,3158,156,3146,\W1.002574;S
157,3158,161,3146,\W0.998142;t
162,3158,169,3146,\W1.000182;a
171,3157,177,3146,\W1.001151;n
179,3158,187,3146,\W1.000382;d
188,3158,196,3146,\W1.000182;a
197,3157,201,3146,\W1.001496;r
202,3158,210,3146,\W1.000382;d
131,3173,142,3162,\W1.001964;M
144,3173,153,3162,\W1.002072;E
154,3173,164,3162,\W0.999597;T
165,3173,173,3162,\W1.002072;E
176,3173,186,3162,\W1.001164;R
131,3193,158,3169,\W1.200853;A
150,3190,158,3179,\W1.000927;F
160,3190,161,3179,\W0.998236;l
162,3191,170,3179,\W1.001058;o
171,3190,183,3179,\W0.999860;w
184,3190,194,3179,\W1.001361;M
197,3191,204,3179,\W1.001205;e
205,3191,209,3179,\W0.998142;t
209,3191,217,3179,\W1.001205;e
219,3190,224,3179,\W1.001496;r
132,3214,162,3185,\W1.154256;X
150,3209,158,3198,\W1.001708;P
160,3209,164,3198,\W1.001496;r
164,3209,172,3198,\W1.001205;e
174,3209,180,3198,\W1.001060;s
181,3209,188,3198,\W1.001060;s
189,3209,196,3198,\W1.000532;u
199,3209,203,3198,\W1.001496;r
203,3209,211,3198,\W1.001205;e
213,3209,223,3198,\W1.001361;M
226,3209,233,3198,\W1.001205;e
234,3209,238,3198,\W0.998142;t
238,3209,246,3198,\W1.001205;e
248,3209,253,3198,\W1.001496;r
132,3232,145,3215,\W1.170458;ã
150,3228,164,3217,\W1.000632;W
164,3229,172,3217,\W1.000182;a
173,3229,177,3217,\W0.998142;t
178,3229,186,3217,\W1.001205;e
187,3228,192,3217,\W1.001496;r
192,3229,203,3217,\W1.000455;Q
205,3229,212,3217,\W1.000532;u
213,3229,221,3217,\W1.000182;a
222,3228,223,3217,\W0.998236;l
226,3228,228,3217,\W0.998236;i
229,3229,233,3217,\W0.998142;t
233,3232,241,3217,\W0.999564;y
242,3228,253,3217,\W1.001361;M
255,3229,262,3217,\W1.001205;e
263,3229,267,3217,\W0.998142;t
267,3229,275,3217,\W1.001205;e
277,3228,282,3217,\W1.001496;r
131,3245,140,3233,\W1.001346;P
142,3245,151,3233,\W1.000512;U
153,3245,165,3233,\W1.001964;M
166,3245,175,3233,\W1.001346;P
177,3245,186,3233,\W1.000119;S
134,3269,158,3245,\W1.313662;B
148,3266,157,3254,\W1.001708;P
159,3266,166,3254,\W1.000532;u
168,3266,179,3254,\W0.999575;m
181,3269,188,3255,\W1.001469;p
189,3266,196,3254,\W1.001060;s
148,3307,163,3296,\W1.000632;W
163,3308,171,3296,\W1.000182;a
171,3308,175,3296,\W0.998142;t
176,3308,183,3296,\W1.001205;e
185,3307,190,3296,\W1.001496;r
190,3307,201,3296,\W0.999860;w
201,3308,209,3296,\W1.001205;e
211,3307,212,3296,\W0.998236;l
214,3307,216,3296,\W0.998236;l
131,3285,146,3274,\W1.000316;W
146,3285,157,3274,\W1.001408;A
156,3285,165,3274,\W0.999597;T
166,3285,175,3274,\W1.002072;E
176,3285,187,3274,\W1.001164;R
192,3285,207,3274,\W1.000316;W
208,3285,217,3274,\W1.002072;E
218,3285,226,3274,\W0.999938;L
228,3285,236,3274,\W0.999938;L
284,3061,299,3036,\W0.978659;b
304,3050,313,3039,\W1.001090;N
314,3051,322,3039,\W1.001058;o
323,3050,330,3039,\W1.001151;n
332,3050,336,3039,\W1.000575;-
338,3050,348,3039,\W1.002628;R
348,3051,356,3039,\W1.001205;e
357,3051,361,3039,\W0.998142;t
362,3051,369,3039,\W1.000532;u
371,3050,375,3039,\W1.001496;r
377,3050,383,3039,\W1.001151;n
282,3032,292,3021,\W1.001239;C
294,3032,305,3021,\W1.001018;O
306,3032,315,3021,\W1.001661;N
317,3032,327,3021,\W0.999597;T
328,3032,338,3021,\W1.001164;R
339,3032,350,3021,\W1.001018;O
352,3032,360,3021,\W0.999938;L
365,3032,375,3021,\W1.001188;V
374,3032,386,3021,\W1.001408;A
386,3032,394,3021,\W0.999938;L
394,3032,404,3021,\W1.001188;V
406,3032,415,3021,\W1.002072;E
284,3067,293,3056,\W1.000119;S
293,3067,304,3056,\W1.001282;Y
304,3067,313,3056,\W1.000119;S
315,3067,324,3056,\W0.999597;T
325,3067,334,3056,\W1.002072;E
336,3067,347,3056,\W1.001964;M
353,3067,363,3056,\W1.001188;V
362,3067,374,3056,\W1.001408;A
374,3067,383,3056,\W0.999938;L
382,3067,392,3056,\W1.001188;V
394,3067,403,3056,\W1.002072;E
282,3090,305,3079,\W0.647461;\Q-0.00414;¤
304,3089,313,3078,\W1.000154;B
314,3089,322,3078,\W1.000182;a
324,3089,325,3078,\W0.998236;l
327,3089,329,3078,\W0.998236;l
285,3112,302,3093,\W1.015513;\Q0.19130;B
304,3110,313,3098,\W1.000154;B
314,3110,321,3098,\W1.000532;u
322,3110,326,3098,\W0.998142;t
327,3110,331,3098,\W0.998142;t
332,3110,339,3098,\W1.001205;e
341,3110,345,3098,\W1.001496;r
345,3110,350,3098,\W1.001422;f
351,3110,352,3098,\W0.998236;l
353,3113,361,3098,\W0.999564;y
282,3134,302,3116,\W0.986637;\Q0.00532;A
304,3131,313,3120,\W1.000895;D
314,3131,322,3120,\W1.001058;o
324,3131,331,3120,\W1.000532;u
332,3131,340,3120,\W1.000382;b
341,3131,342,3120,\W0.998236;l
345,3131,352,3120,\W1.001205;e
353,3131,357,3120,\W1.000575;-
358,3131,368,3120,\W1.003087;A
370,3131,371,3120,\W0.998236;i
373,3131,378,3120,\W1.001496;r
285,3149,300,3125,\W0.927608;\Q0.00670;d
304,3148,313,3137,\W1.000895;D
315,3148,326,3136,\W0.999963;G
327,3148,334,3137,\W1.000182;a
336,3148,340,3137,\W0.998142;t
340,3148,348,3137,\W1.001205;e
348,3148,353,3136,\W0.997766;/
353,3148,360,3137,\W1.000382;d
362,3148,376,3137,\W1.000632;W
376,3148,384,3137,\W1.000182;a
385,3148,392,3137,\W1.001060;s
393,3148,400,3137,\W1.001767;h
402,3148,406,3137,\W1.000575;-
407,3148,418,3136,\W1.000360;O
419,3148,426,3137,\W1.000532;u
428,3148,432,3137,\W0.998142;t
304,3167,312,3155,\W1.001708;P
314,3167,319,3155,\W1.001496;r
319,3167,327,3155,\W1.001205;e
328,3167,334,3155,\W1.001060;s
336,3167,343,3155,\W1.001060;s
344,3167,351,3155,\W1.000532;u
353,3167,357,3155,\W1.001496;r
358,3167,366,3155,\W1.001205;e
367,3167,371,3155,\W1.000575;-
373,3167,383,3155,\W1.002628;R
384,3167,391,3155,\W1.001205;e
393,3167,394,3155,\W0.998236;l
396,3167,398,3155,\W0.998236;i
399,3167,407,3155,\W1.001205;e
408,3167,413,3155,\W1.001422;f
290,3190,314,3165,\W1.283649;N
304,3187,313,3175,\W1.002574;S
315,3186,316,3175,\W0.998236;i
318,3186,325,3175,\W1.001151;n
326,3190,334,3175,\W1.000740;g
335,3186,337,3175,\W0.998236;l
339,3187,347,3175,\W1.001205;e
348,3186,352,3175,\W1.000575;-
352,3186,363,3175,\W1.003087;A
364,3186,366,3175,\W0.998236;i
368,3186,372,3175,\W1.001496;r
283,3204,291,3193,\W0.999328;F
293,3204,295,3193,\W0.999554;I
296,3204,306,3193,\W0.999597;T
306,3204,315,3193,\W0.999597;T
317,3204,319,3193,\W0.999554;I
321,3204,330,3193,\W1.001661;N
332,3204,342,3192,\W1.001282;G
289,3229,298,3205,\W0.703153;«
303,3223,312,3212,\W1.000154;B
314,3223,322,3212,\W1.001205;e
323,3223,330,3212,\W1.001151;n
332,3223,339,3212,\W1.000382;d
284,3251,299,3227,\W0.904517;6
303,3248,314,3236,\W1.001176;C
316,3247,320,3236,\W1.001496;r
320,3248,328,3236,\W1.001058;o
329,3248,336,3236,\W1.001060;s
337,3248,344,3236,\W1.001060;s
284,3272,297,3251,\W0.966865;+
303,3267,314,3255,\W1.003087;A
316,3267,322,3255,\W1.001151;n
324,3267,331,3255,\W1.000182;a
333,3267,335,3255,\W0.998236;l
336,3270,344,3255,\W0.999564;y
344,3267,351,3255,\W1.000313;z
352,3267,359,3255,\W1.001205;e
362,3267,366,3255,\W1.001496;r
275,3296,298,3272,\W1.002960;\Q-0.00212;D
304,3286,312,3275,\W1.000333;E
315,3286,321,3275,\W1.001151;n
323,3286,330,3275,\W1.000382;d
336,3286,347,3274,\W1.001176;C
347,3286,355,3275,\W1.000182;a
357,3289,364,3275,\W1.001469;p
345,3247,356,3232,\W1.261611;d
282,3309,301,3288,\W0.795005;¾
304,3306,311,3295,\W1.001329;L
313,3306,323,3295,\W1.000895;D
324,3306,333,3295,\W1.001708;P
335,3306,344,3295,\W1.000333;E
349,3306,358,3295,\W1.000799;T
357,3306,364,3295,\W1.001205;e
366,3306,374,3295,\W1.001205;e
277,3336,303,3311,\W1.233243;\Q-0.00253;S
304,3325,314,3313,\W1.002628;R
315,3325,323,3313,\W1.001205;e
323,3325,331,3313,\W1.000382;d
333,3325,340,3313,\W1.000532;u
341,3325,348,3313,\W1.001537;c
349,3325,357,3313,\W1.001205;e
359,3325,363,3313,\W1.001496;r
285,3347,300,3327,\W0.961887;Z
304,3344,313,3333,\W1.000799;T
312,3344,320,3333,\W1.001205;e
322,3344,329,3333,\W1.001205;e
134,3348,153,3324,\W1.106858;E
149,3346,158,3334,\W1.002574;S
159,3346,167,3334,\W1.000182;a
169,3345,180,3334,\W0.999575;m
182,3349,189,3334,\W1.001469;p
191,3345,193,3334,\W0.998236;l
194,3346,202,3334,\W1.001205;e
208,3345,216,3334,\W1.001708;P
218,3346,226,3334,\W1.001058;o
227,3345,228,3334,\W0.998236;i
230,3345,237,3334,\W1.001151;n
239,3346,243,3334,\W0.998142;t
243,3346,250,3334,\W1.001060;s
432,3174,442,3162,\W1.001239;C
443,3174,455,3162,\W1.001408;A
455,3174,464,3162,\W1.000119;S
466,3174,469,3162,\W0.999554;I
471,3174,480,3162,\W1.001661;N
481,3174,492,3162,\W1.001282;G
488,3191,496,3179,\W1.001708;P
499,3191,503,3179,\W1.001496;r
503,3191,511,3179,\W1.001058;o
512,3191,516,3179,\W0.998142;t
517,3191,524,3179,\W1.001205;e
525,3191,533,3179,\W1.001537;c
533,3191,537,3179,\W0.998142;t
539,3191,540,3179,\W0.998236;i
541,3191,549,3179,\W1.000592;v
549,3191,557,3179,\W1.001205;e
563,3191,572,3179,\W1.002574;S
573,3191,575,3179,\W0.998236;l
576,3191,584,3179,\W1.000182;a
586,3191,593,3179,\W1.000382;b
489,3208,498,3197,\W1.001708;P
499,3208,503,3197,\W1.001496;r
503,3209,511,3197,\W1.001058;o
513,3208,517,3197,\W0.998142;t
517,3209,525,3197,\W1.001205;e
526,3209,533,3197,\W1.001537;c
534,3208,538,3197,\W0.998142;t
539,3208,540,3197,\W0.998236;i
541,3208,549,3197,\W1.000592;v
549,3209,557,3197,\W1.001205;e
563,3208,572,3197,\W1.000799;T
572,3209,579,3197,\W1.000532;u
581,3208,588,3197,\W1.001151;n
590,3208,597,3197,\W1.001151;n
598,3209,606,3197,\W1.001205;e
608,3208,609,3197,\W0.998236;l
432,3227,447,3216,\W1.000316;W
446,3227,458,3216,\W1.001408;A
457,3227,466,3216,\W0.999597;T
467,3227,476,3216,\W1.002072;E
478,3227,488,3216,\W1.001164;R
493,3228,502,3216,\W1.000119;S
504,3227,513,3216,\W0.999597;T
514,3227,524,3216,\W1.001164;R
526,3228,535,3216,\W1.000512;U
536,3228,546,3216,\W1.001239;C
548,3227,557,3216,\W0.999597;T
558,3228,567,3216,\W1.000512;U
570,3227,580,3216,\W1.001164;R
581,3227,590,3216,\W1.002072;E
591,3228,601,3216,\W1.000119;S
483,3250,492,3239,\W1.001708;P
494,3250,501,3239,\W1.000532;u
503,3250,514,3239,\W0.999575;m
516,3253,524,3239,\W1.001469;p
525,3250,534,3239,\W1.000571;H
536,3250,544,3239,\W1.001058;o
545,3250,552,3239,\W1.000532;u
553,3250,560,3239,\W1.001060;s
562,3250,570,3239,\W1.001205;e
484,3273,494,3261,\W1.002628;R
495,3273,503,3261,\W1.001205;e
503,3273,510,3261,\W1.001060;s
511,3273,519,3261,\W1.001205;e
521,3273,525,3261,\W1.001496;r
525,3273,533,3261,\W1.000592;v
533,3273,541,3261,\W1.001058;o
543,3273,545,3261,\W0.998236;i
547,3273,551,3261,\W1.001496;r
483,3296,498,3284,\W1.000632;W
498,3296,506,3284,\W1.000182;a
507,3296,511,3284,\W0.998142;t
512,3296,519,3284,\W1.001205;e
521,3296,525,3284,\W1.001496;r
526,3296,535,3284,\W1.000799;T
534,3296,542,3284,\W1.000182;a
543,3296,550,3284,\W1.001151;n
552,3296,559,3284,\W1.000455;k
483,3318,492,3307,\W1.001708;P
494,3319,501,3307,\W1.000532;u
503,3318,514,3307,\W0.999575;m
516,3322,524,3307,\W1.001469;p
525,3319,534,3307,\W1.002574;S
534,3319,538,3307,\W0.998142;t
539,3319,547,3307,\W1.000182;a
547,3319,551,3307,\W0.998142;t
552,3318,554,3307,\W0.998236;i
555,3319,563,3307,\W1.001058;o
565,3318,572,3307,\W1.001151;n
484,3341,493,3330,\W1.000799;T
494,3341,498,3330,\W1.001496;r
498,3342,506,3330,\W1.001205;e
507,3342,515,3330,\W1.000182;a
516,3341,520,3330,\W0.998142;t
521,3341,532,3330,\W0.999575;m
534,3342,542,3330,\W1.001205;e
543,3341,550,3330,\W1.001151;n
551,3341,555,3330,\W0.998142;t
556,3341,565,3330,\W1.001708;P
567,3341,568,3330,\W0.998236;l
570,3342,578,3330,\W1.000182;a
579,3341,586,3330,\W1.001151;n
587,3341,592,3330,\W0.998142;t
132,3324,141,3312,\W1.000119;S
142,3324,153,3313,\W1.001408;A
154,3324,165,3313,\W1.001964;M
168,3324,176,3313,\W1.001346;P
178,3324,186,3313,\W0.999938;L
188,3324,197,3313,\W1.002072;E
203,3324,212,3313,\W1.001346;P
213,3324,224,3312,\W1.001018;O
225,3324,228,3313,\W0.999554;I
231,3324,240,3313,\W1.001661;N
241,3324,250,3313,\W0.999597;T
251,3324,260,3312,\W1.000119;S
431,3032,446,3021,\W1.000316;W
446,3032,457,3021,\W1.001408;A
456,3032,465,3021,\W0.999597;T
467,3032,475,3021,\W1.002072;E
478,3032,488,3021,\W1.001164;R
493,3032,501,3021,\W0.999938;L
503,3032,505,3021,\W0.999554;I
507,3032,516,3021,\W1.001661;N
519,3032,528,3021,\W1.002072;E
284,3168,300,3143,\W0.927608;\Q0.02240;d
467,3105,467,3097,\W0.836953;!
489,3054,491,3043,\W1.002522;I
493,3054,500,3043,\W1.001151;n
506,3054,515,3043,\W1.002574;S
516,3054,524,3043,\W1.001205;e
526,3054,531,3043,\W1.001496;r
530,3054,538,3043,\W1.000592;v
539,3054,540,3043,\W0.998236;i
542,3054,549,3043,\W1.001537;c
550,3054,558,3043,\W1.001205;e
564,3058,567,3043,\W1.000455;(
568,3054,578,3043,\W1.003087;A
580,3054,590,3043,\W1.001176;C
595,3054,602,3043,\W1.001329;L
604,3054,606,3043,\W0.998236;i
608,3054,615,3043,\W1.001151;n
616,3054,624,3043,\W1.001205;e
626,3058,629,3043,\W1.000455;)
445,3105,446,3097,\W0.836953;!
489,3107,500,3096,\W1.003087;A
501,3107,508,3096,\W1.000382;b
509,3107,517,3096,\W1.000182;a
518,3107,525,3096,\W1.001151;n
527,3107,534,3096,\W1.000382;d
535,3107,543,3096,\W1.001058;o
545,3107,552,3096,\W1.001151;n
489,3089,498,3078,\W1.001708;P
500,3089,504,3078,\W1.001496;r
504,3089,512,3078,\W1.001058;o
513,3092,521,3078,\W1.001469;p
522,3089,530,3078,\W1.001058;o
531,3089,538,3078,\W1.001060;s
538,3089,546,3078,\W1.001205;e
548,3089,555,3078,\W1.000382;d
489,3072,491,3061,\W1.002522;I
493,3072,500,3061,\W1.001151;n
506,3072,515,3060,\W1.002574;S
516,3072,524,3061,\W1.001205;e
526,3072,531,3061,\W1.001496;r
530,3072,538,3061,\W1.000592;v
539,3072,540,3061,\W0.998236;i
542,3072,549,3061,\W1.001537;c
550,3072,558,3061,\W1.001205;e
563,3075,567,3060,\W1.000455;(
570,3072,577,3061,\W1.001329;L
578,3072,588,3061,\W1.000895;D
589,3072,598,3061,\W1.001708;P
600,3072,609,3061,\W1.000333;E
615,3072,622,3061,\W1.001329;L
624,3072,625,3061,\W0.998236;i
627,3072,634,3061,\W1.001151;n
635,3072,643,3061,\W1.001205;e
645,3075,649,3060,\W1.000455;)
125,3006,142,2993,\W1.000316;W
141,3006,154,2993,\W1.001408;A
154,3006,164,2993,\W0.999597;T
165,3006,175,2993,\W1.002072;E
178,3006,189,2993,\W1.001164;R
195,3006,205,2993,\W1.001661;N
208,3006,218,2993,\W1.002072;E
218,3006,229,2993,\W0.999597;T
229,3006,246,2993,\W1.000316;W
246,3006,259,2993,\W1.001018;O
260,3006,272,2993,\W1.001164;R
273,3006,285,2993,\W0.999749;K
291,3006,300,2993,\W0.999938;L
302,3006,312,2993,\W1.002072;E
313,3006,325,2993,\W1.001283;G
327,3006,337,2993,\W1.002072;E
339,3006,349,2993,\W1.001661;N
352,3006,362,2993,\W1.002794;D
4262,2783,4270,2779,\W0.836953;\Q-0.00479;!
3901,2676,3905,2668,\W0.836953;\Q0.00422;!
3656,2485,3664,2481,\W0.836953;\Q-0.00417;!
3582,2204,3586,2196,\W0.836953;\Q0.00447;!
3549,1902,3557,1898,\W0.836953;\Q-0.00398;!
3639,1528,3646,1523,\W0.836953;\Q0.00562;!
3321,1338,3325,1330,\W0.836953;\Q0.00400;!
4273,2786,4281,2782,\W0.836953;\Q-0.00364;!
3920,2691,3924,2683,\W0.836953;\Q0.00422;!
3638,2519,3646,2515,\W0.836953;\Q-0.00401;!
3596,2222,3601,2214,\W0.836953;\Q0.00450;!
3525,1939,3533,1935,\W0.836953;\Q-0.00417;!
3642,1563,3650,1558,\W0.836953;\Q0.00564;!
3336,1358,3341,1350,\W0.836953;\Q0.00418;!
3182,1405,3238,1350,\W1.001361;\Q0.00390;M
3155,1401,3212,1346,\W1.001361;\Q0.00406;M
4271,2759,4279,2755,\W0.836953;\Q-0.00417;!
4266,2777,4274,2772,\W0.836953;\Q-0.00417;!
4263,2738,4271,2734,\W0.836953;\Q-0.00417;!
4257,2756,4265,2752,\W0.836953;\Q-0.00417;!
399,1150,401,1142,\W0.836953;\Q0.00022;!
381,1150,383,1142,\W0.836953;\Q0.00022;!
328,809,336,807,\W0.836953;\Q0.00062;!
327,791,335,789,\W0.836953;\Q0.00062;!
625,738,627,730,\W0.836953;\Q0.00062;!
643,738,645,731,\W0.836953;\Q0.00035;!
1020,755,1022,747,\W0.836953;\Q0.00120;!
1037,756,1039,749,\W0.836953;\Q0.00120;!
1412,797,1415,789,\W0.836953;\Q0.00188;!
1430,799,1433,792,\W0.836953;\Q0.00188;!
1801,866,1804,858,\W0.836953;\Q0.00257;!
1818,869,1822,861,\W0.836953;\Q0.00257;!
2185,960,2189,952,\W0.836953;\Q0.00369;!
2202,965,2206,957,\W0.836953;\Q0.00369;!
2560,1081,2564,1073,\W0.836953;\Q0.00417;!
2578,1087,2582,1079,\W0.836953;\Q0.00417;!
2935,1208,2939,1200,\W0.836953;\Q0.00417;!
2952,1213,2956,1205,\W0.836953;\Q0.00417;!
3310,1332,3314,1324,\W0.836953;\Q0.00417;!
3327,1338,3331,1330,\W0.836953;\Q0.00417;!
3635,1510,3642,1505,\W0.836954;\Q0.00548;!
3643,1526,3651,1521,\W0.836954;\Q0.00548;!
3561,1879,3568,1875,\W0.836953;\Q-0.00417;!
3555,1895,3563,1891,\W0.836953;\Q-0.00417;!
3664,2146,3668,2138,\W0.836953;\Q0.00417;!
3681,2151,3685,2144,\W0.836953;\Q0.00417;!
3632,2468,3640,2464,\W0.836953;\Q-0.00417;!
3627,2485,3635,2481,\W0.836953;\Q-0.00417;!
3845,2680,3850,2673,\W0.836953;\Q0.00417;!
3863,2686,3867,2678,\W0.836953;\Q0.00417;!
4222,2803,4226,2795,\W0.836953;\Q0.00378;!
4239,2808,4243,2801,\W0.836953;\Q0.00378;!
4283,2767,4291,2762,\W0.836953;\Q-0.00417;!
4277,2784,4285,2780,\W0.836953;\Q-0.00417;!
3950,2722,3954,2714,\W0.836953;\Q0.00418;!
3933,2716,3937,2708,\W0.836953;\Q0.00418;!
3575,2597,3579,2589,\W0.836953;\Q0.00418;!
3558,2591,3562,2583,\W0.836953;\Q0.00418;!
3200,2472,3204,2464,\W0.836953;\Q0.00418;!
3183,2466,3187,2458,\W0.836953;\Q0.00418;!
2825,2347,2829,2339,\W0.836953;\Q0.00417;!
2807,2342,2812,2334,\W0.836953;\Q0.00417;!
2450,2222,2454,2214,\W0.836953;\Q0.00417;!
2432,2217,2436,2209,\W0.836953;\Q0.00417;!
2074,2097,2078,2089,\W0.836953;\Q0.00418;!
2058,2091,2062,2084,\W0.836953;\Q0.00418;!
1695,1987,1698,1979,\W0.836953;\Q0.00313;!
1677,1983,1681,1975,\W0.836953;\Q0.00313;!
1307,1912,1310,1904,\W0.836953;\Q0.00196;!
1289,1909,1292,1901,\W0.836953;\Q0.00196;!
915,1868,917,1861,\W0.836953;\Q0.00118;!
896,1868,898,1860,\W0.836953;\Q0.00081;!
4992,2317,4999,2312,\W0.836953;\Q-0.00401;!
4986,2333,4994,2329,\W0.836953;\Q-0.00401;!
4980,2350,4988,2346,\W0.836953;\Q-0.00401;!
4974,2368,4982,2363,\W0.836953;\Q-0.00401;!
4867,2691,4875,2687,\W0.836953;\Q-0.00401;!
4862,2708,4869,2704,\W0.836953;\Q-0.00401;!
4856,2726,4864,2721,\W0.836953;\Q-0.00401;!
4850,2743,4858,2739,\W0.836953;\Q-0.00401;!
4742,3066,4750,3062,\W0.836953;\Q-0.00417;!
4736,3084,4744,3079,\W0.836953;\Q-0.00417;!
4731,3101,4739,3097,\W0.836953;\Q-0.00417;!
4725,3117,4733,3113,\W0.836953;\Q-0.00417;!
4617,3441,4625,3437,\W0.836953;\Q-0.00401;!
4612,3459,4620,3455,\W0.836953;\Q-0.00401;!
4606,3476,4614,3472,\W0.836953;\Q-0.00401;!
4601,3493,4608,3488,\W0.836953;\Q-0.00401;!
3229,1144,3246,1117,\W1.001554;5
3252,1143,3261,1117,\W1.000949;1
3270,1143,3286,1117,\W1.002074;7
3290,1144,3307,1117,\W1.001289;3
3309,1144,3326,1117,\W1.001289;3
3329,1144,3346,1117,\W1.001422;8
3351,1148,3355,1117,"\W1.000148;,"
3369,1143,3386,1117,\W1.001005;2
3390,1143,3406,1117,\W1.002074;7
3410,1144,3427,1117,\W1.000870;9
3429,1143,3446,1117,\W1.001005;2
3449,1144,3466,1117,\W1.000870;9
3469,1144,3486,1117,\W1.001289;3
3492,1143,3501,1117,\W1.000949;1
3840,1245,3866,1222,\W1.000632;\Q0.00411;W
3860,1250,3880,1229,\W1.003087;\Q0.00411;A
3874,1254,3894,1233,\W1.000852;\Q0.00411;Y
4741,2921,4761,2904,\W1.001329;\Q-0.00411;L
4745,2910,4766,2890,\W1.003087;\Q-0.00411;A
4750,2894,4771,2875,\W1.000154;\Q-0.00411;B
4755,2879,4777,2857,\W1.000360;\Q-0.00411;O
4762,2860,4783,2839,\W1.002628;\Q-0.00411;R
4767,2845,4788,2824,\W1.001176;\Q-0.00411;C
4772,2829,4793,2810,\W1.000799;\Q-0.00411;T
4776,2815,4797,2795,\W1.000852;\Q-0.00411;Y
4781,2802,4799,2790,\W1.000575;\Q-0.00411;-
4784,2793,4805,2773,\W1.000895;\Q-0.00411;K
4789,2779,4812,2753,\W1.000632;\Q-0.00411;W
4796,2756,4817,2735,\W1.002628;\Q-0.00411;R
4801,2740,4823,2720,\W1.000895;\Q-0.00411;D
4767,2931,4786,2917,\W1.000949;\Q-0.00411;1
4770,2920,4790,2904,\W1.001289;\Q-0.00411;3
4774,2908,4794,2891,\W1.001005;\Q-0.00411;2
4781,2888,4801,2872,\W1.000455;\Q-0.00411;k
4784,2878,4805,2858,\W1.000803;\Q-0.00411;V
4792,2854,4810,2845,\W1.002522;\Q-0.00411;I
4794,2849,4814,2833,\W1.001151;\Q-0.00411;n
4800,2830,4822,2808,\W1.000360;\Q-0.00411;O
4806,2814,4831,2795,\W1.001469;\Q-0.00411;p
4810,2801,4830,2784,\W1.001205;\Q-0.00411;e
4815,2787,4833,2774,\W1.001496;\Q-0.00411;r
4817,2780,4837,2763,\W1.000182;\Q-0.00411;a
4821,2768,4839,2757,\W0.998143;\Q-0.00411;t
4824,2760,4841,2751,\W0.998236;\Q-0.00411;i
4825,2756,4845,2739,\W1.001058;\Q-0.00411;o
4829,2743,4849,2726,\W1.001151;\Q-0.00411;n
2635,1065,2654,1044,\W1.001708;\Q0.00411;P
2650,1070,2670,1049,\W1.000895;\Q0.00411;K
2664,1074,2681,1054,\W1.001422;\Q0.00411;8
2676,1078,2693,1058,\W1.000981;\Q0.00411;4
2691,1081,2704,1062,\W1.000949;\Q0.00411;1
2702,1086,2719,1066,\W1.002074;\Q0.00411;7
2714,1089,2726,1070,\W1.000575;\Q0.00411;-
2723,1094,2742,1073,\W1.001708;\Q0.00411;P
2738,1099,2759,1078,\W1.000895;\Q0.00411;K
2754,1102,2768,1084,\W1.000949;\Q0.00411;1
2765,1106,2779,1087,\W1.000949;\Q0.00411;1
2776,1110,2790,1091,\W1.000949;\Q0.00411;1
2787,1115,2804,1095,\W1.001712;\Q0.00411;0
2800,1119,2817,1099,\W1.002074;\Q0.00411;7
2812,1124,2832,1103,\W1.003087;\Q0.00411;A
2630,1090,2644,1071,\W1.000949;\Q0.00411;1
2641,1094,2655,1075,\W1.000949;\Q0.00411;1
2658,1100,2675,1080,\W1.000455;\Q0.00411;k
2668,1105,2689,1084,\W1.000803;\Q0.00411;V
2692,1109,2702,1092,\W1.002522;\Q0.00411;I
2698,1113,2714,1094,\W1.001151;\Q0.00411;n
2716,1122,2738,1100,\W1.000360;\Q0.00411;O
2733,1130,2752,1106,\W1.001469;\Q0.00411;p
2746,1130,2763,1110,\W1.001205;\Q0.00411;e
2760,1133,2773,1114,\W1.001496;\Q0.00411;r
2767,1137,2784,1117,\W1.000182;\Q0.00411;a
2778,1139,2790,1120,\W0.998142;\Q0.00411;t
2786,1140,2795,1123,\W0.998236;\Q0.00411;i
2790,1145,2807,1124,\W1.001058;\Q0.00411;o
2804,1149,2820,1129,\W1.001151;\Q0.00411;n
3236,2448,3255,2427,\W1.001708;\Q0.00411;P
3250,2453,3271,2432,\W1.000895;\Q0.00411;K
3266,2456,3280,2437,\W1.000949;\Q0.00411;1
3277,2460,3291,2441,\W1.000949;\Q0.00411;1
3289,2465,3306,2445,\W1.001554;\Q0.00411;5
3300,2468,3317,2448,\W1.000981;\Q0.00411;4
3314,2473,3331,2453,\W1.000870;\Q0.00411;9
3325,2478,3346,2457,\W1.003087;\Q0.00411;A
3342,2481,3354,2462,\W1.000575;\Q0.00411;-
3350,2486,3370,2465,\W1.001708;\Q0.00411;P
3365,2491,3385,2470,\W1.000895;\Q0.00411;K
3381,2494,3395,2475,\W1.000949;\Q0.00411;1
3392,2498,3406,2479,\W1.000949;\Q0.00411;1
3403,2501,3416,2482,\W1.000949;\Q0.00411;1
3414,2506,3431,2486,\W1.001712;\Q0.00411;0
3427,2511,3444,2491,\W1.002074;\Q0.00411;7
3438,2515,3459,2494,\W1.003087;\Q0.00411;A
3244,2477,3257,2458,\W1.000949;\Q0.00411;1
3255,2481,3268,2462,\W1.000949;\Q0.00411;1
3272,2488,3289,2468,\W1.000455;\Q0.00411;k
3282,2492,3302,2471,\W1.000803;\Q0.00411;V
3306,2497,3316,2479,\W1.002522;\Q0.00411;I
3312,2501,3328,2481,\W1.001151;\Q0.00411;n
3330,2509,3352,2487,\W1.000360;\Q0.00411;O
3347,2518,3365,2493,\W1.001469;\Q0.00411;p
3360,2517,3377,2497,\W1.001205;\Q0.00411;e
3374,2520,3387,2502,\W1.001496;\Q0.00411;r
3380,2524,3397,2504,\W1.000182;\Q0.00411;a
3392,2526,3404,2508,\W0.998142;\Q0.00411;t
3400,2528,3409,2510,\W0.998236;\Q0.00411;i
3404,2532,3421,2512,\W1.001058;\Q0.00411;o
3418,2536,3434,2516,\W1.001151;\Q0.00411;n
4200,2841,4220,2826,\W1.000949;\Q-0.00482;1
4205,2830,4224,2815,\W1.000949;\Q-0.00482;1
4212,2813,4232,2796,\W1.000455;\Q-0.00482;k
4216,2803,4238,2782,\W1.000803;\Q-0.00482;V
4225,2780,4247,2760,\W1.001708;\Q-0.00482;P
4231,2766,4250,2752,\W1.001496;\Q-0.00482;r
4234,2759,4255,2741,\W1.001058;\Q-0.00482;o
4239,2748,4264,2728,\W1.001469;\Q-0.00482;p
4244,2735,4265,2717,\W1.001058;\Q-0.00482;o
4249,2722,4269,2706,\W1.001060;\Q-0.00482;s
4254,2711,4274,2694,\W1.001205;\Q-0.00482;e
4259,2699,4279,2682,\W1.000382;\Q-0.00482;d
3581,2576,3602,2556,\W1.001708;\Q-0.00410;P
3586,2561,3607,2541,\W1.000895;\Q-0.00410;K
3591,2547,3611,2530,\W1.001712;\Q-0.00410;0
3595,2532,3614,2518,\W1.000949;\Q-0.00410;1
3599,2521,3618,2507,\W1.000949;\Q-0.00410;1
3603,2510,3622,2496,\W1.000949;\Q-0.00410;1
3606,2500,3626,2483,\W1.001712;\Q-0.00410;0
3611,2486,3631,2470,\W1.002074;\Q-0.00410;7
3614,2475,3635,2455,\W1.003087;\Q-0.00410;A
3620,2459,3638,2447,\W1.000575;\Q-0.00410;-
3623,2450,3643,2433,\W1.001329;\Q-0.00410;L
3626,2441,3647,2421,\W1.000803;\Q-0.00410;V
3631,2424,3652,2404,\W1.000895;\Q-0.00410;D
3637,2408,3657,2389,\W1.000154;\Q-0.00410;B
3642,2391,3661,2378,\W1.000949;\Q-0.00410;1
3645,2381,3664,2369,\W1.000575;\Q-0.00410;-
3648,2372,3669,2354,\W1.000927;\Q-0.00410;F
3652,2360,3673,2343,\W1.001712;\Q-0.00410;0
3657,2347,3676,2330,\W1.000981;\Q-0.00410;4
3846,1780,3867,1761,\W1.001708;\Q-0.00410;P
3851,1765,3872,1745,\W1.000895;\Q-0.00410;K
3856,1751,3876,1734,\W1.001712;\Q-0.00410;0
3861,1736,3880,1723,\W1.000949;\Q-0.00410;1
3864,1725,3883,1712,\W1.000949;\Q-0.00410;1
3868,1714,3887,1701,\W1.000949;\Q-0.00410;1
3871,1704,3892,1687,\W1.001712;\Q-0.00410;0
3876,1691,3896,1674,\W1.002074;\Q-0.00410;7
3880,1679,3901,1659,\W1.003087;\Q-0.00410;A
3885,1663,3903,1651,\W1.000575;\Q-0.00410;-
3888,1655,3908,1638,\W1.001329;\Q-0.00410;L
3891,1645,3912,1625,\W1.000803;\Q-0.00410;V
3896,1629,3917,1608,\W1.000895;\Q-0.00410;D
3902,1612,3922,1593,\W1.000154;\Q-0.00410;B
3907,1596,3926,1582,\W1.000949;\Q-0.00410;1
3911,1585,3929,1573,\W1.000575;\Q-0.00410;-
3914,1577,3934,1559,\W1.000927;\Q-0.00410;F
3918,1564,3938,1547,\W1.001712;\Q-0.00410;0
3922,1551,3942,1534,\W1.001289;\Q-0.00410;3
3802,2630,3821,2609,\W1.001708;\Q0.00388;P
3817,2635,3837,2614,\W1.000895;\Q0.00388;K
3831,2638,3848,2618,\W1.001712;\Q0.00388;0
3846,2642,3859,2623,\W1.000949;\Q0.00388;1
3857,2645,3870,2626,\W1.000949;\Q0.00388;1
3868,2648,3881,2630,\W1.000949;\Q0.00388;1
3878,2653,3895,2633,\W1.001712;\Q0.00388;0
3892,2657,3908,2637,\W1.002074;\Q0.00388;7
3903,2661,3923,2641,\W1.003087;\Q0.00388;A
3919,2664,3931,2646,\W1.000575;\Q0.00388;-
3928,2668,3945,2648,\W1.001329;\Q0.00388;L
3937,2672,3957,2651,\W1.000803;\Q0.00388;V
3954,2677,3974,2656,\W1.000895;\Q0.00388;D
3970,2682,3989,2662,\W1.000154;\Q0.00388;B
3985,2684,3997,2666,\W1.000575;\Q0.00388;-
3994,2689,4012,2669,\W1.000927;\Q0.00388;F
4007,2693,4023,2673,\W1.001712;\Q0.00388;0
4019,2696,4035,2676,\W1.001005;\Q0.00388;2
3977,1399,3998,1380,\W1.001708;\Q-0.00410;P
3982,1384,4003,1364,\W1.000895;\Q-0.00410;K
3987,1370,4007,1353,\W1.001712;\Q-0.00410;0
3991,1355,4010,1342,\W1.000949;\Q-0.00410;1
3995,1344,4014,1331,\W1.000949;\Q-0.00410;1
3999,1334,4018,1320,\W1.000949;\Q-0.00410;1
4002,1323,4022,1306,\W1.001712;\Q-0.00410;0
4007,1310,4027,1293,\W1.002074;\Q-0.00410;7
4010,1298,4031,1278,\W1.003087;\Q-0.00410;A
4016,1282,4034,1270,\W1.000575;\Q-0.00410;-
4019,1274,4039,1257,\W1.001329;\Q-0.00410;L
4022,1264,4043,1244,\W1.000803;\Q-0.00410;V
4027,1248,4048,1227,\W1.000895;\Q-0.00410;D
4033,1231,4053,1212,\W1.000154;\Q-0.00410;B
4038,1215,4057,1201,\W1.000949;\Q-0.00410;1
4041,1204,4060,1192,\W1.000575;\Q-0.00410;-
4044,1196,4065,1178,\W1.000927;\Q-0.00410;F
4049,1183,4069,1166,\W1.001712;\Q-0.00410;0
4053,1170,4073,1153,\W1.001554;\Q-0.00410;5
4108,1045,4129,1025,\W1.001708;\Q-0.00412;P
4113,1030,4134,1009,\W1.000895;\Q-0.00412;K
4118,1015,4138,998,\W1.001712;\Q-0.00412;0
4123,1001,4142,987,\W1.000949;\Q-0.00412;1
4126,990,4145,976,\W1.000949;\Q-0.00412;1
4130,979,4149,965,\W1.000949;\Q-0.00412;1
4134,968,4154,951,\W1.001712;\Q-0.00412;0
4138,955,4158,938,\W1.002074;\Q-0.00412;7
4142,944,4163,924,\W1.003087;\Q-0.00412;A
4147,928,4166,915,\W1.000575;\Q-0.00412;-
4150,919,4170,902,\W1.001329;\Q-0.00412;L
4153,910,4174,890,\W1.000803;\Q-0.00412;V
4159,893,4180,873,\W1.000895;\Q-0.00412;D
4164,877,4185,858,\W1.000154;\Q-0.00412;B
4170,860,4189,847,\W1.000949;\Q-0.00412;1
4173,850,4192,838,\W1.000575;\Q-0.00412;-
4176,841,4197,823,\W1.000927;\Q-0.00412;F
4180,829,4201,812,\W1.001712;\Q-0.00412;0
4185,816,4205,799,\W1.001554;\Q-0.00412;5
4592,2313,4604,2296,\W1.001005;2
4606,2314,4617,2296,\W1.001422;8
4621,2313,4627,2296,\W1.000949;1
4632,2313,4638,2296,\W1.000575;-
4640,2313,4651,2296,\W1.001005;2
4653,2313,4665,2296,\W1.000981;4
4667,2313,4678,2296,\W1.002074;7
4680,2314,4691,2296,\W1.001712;0
3584,809,3595,792,\W1.001005;2
3597,809,3608,792,\W1.001422;8
3612,809,3619,792,\W1.000949;1
3624,809,3630,792,\W1.000575;-
3633,809,3640,792,\W1.000949;1
3645,809,3657,792,\W1.001422;8
3658,809,3669,792,\W1.001712;0
3672,809,3683,792,\W1.000870;9
3033,1786,3044,1769,\W1.001005;2
3046,1786,3057,1769,\W1.001422;8
3061,1786,3067,1769,\W1.000949;1
3072,1786,3079,1769,\W1.000575;-
3082,1786,3088,1769,\W1.000949;1
3094,1786,3105,1769,\W1.002074;7
3107,1786,3118,1769,\W1.001422;8
3121,1786,3132,1769,\W1.001422;8
3458,2800,3469,2783,\W1.001005;2
3471,2800,3482,2783,\W1.001422;8
3486,2800,3492,2783,\W1.000949;1
3497,2800,3503,2783,\W1.000575;-
3507,2800,3513,2783,\W1.000949;1
3519,2800,3530,2783,\W1.001289;3
3531,2800,3543,2783,\W1.000981;4
3545,2800,3557,2783,\W1.001554;5
2719,2678,2730,2661,\W1.001005;2
2732,2678,2743,2661,\W1.001422;8
2747,2678,2753,2661,\W1.000949;1
2758,2678,2765,2661,\W1.000575;-
2768,2678,2774,2661,\W1.000949;1
2780,2678,2791,2661,\W1.001289;3
2792,2678,2804,2661,\W1.000981;4
2806,2678,2818,2661,\W0.998941;6
2668,603,2680,586,\W1.001005;2
2681,603,2693,586,\W1.001422;8
2697,603,2703,586,\W1.000949;1
2708,603,2714,586,\W1.000575;-
2718,603,2724,586,\W1.000949;1
2730,603,2741,586,\W1.001422;8
2743,603,2754,586,\W1.001712;0
2756,603,2767,586,\W1.002074;7
4146,1917,4157,1900,\W1.001005;2
4159,1918,4170,1900,\W1.001422;8
4175,1917,4181,1900,\W1.000949;1
4186,1917,4192,1900,\W1.000575;-
4194,1918,4205,1900,\W1.000870;9
4207,1917,4219,1900,\W1.000981;4
4221,1917,4232,1900,\W1.002074;7
4234,1918,4245,1900,\W1.001712;0
4249,1609,4260,1592,\W1.001005;2
4262,1609,4273,1592,\W1.001422;8
4277,1609,4284,1592,\W1.000949;1
4288,1609,4295,1592,\W1.000575;-
4297,1609,4308,1592,\W1.000870;9
4310,1609,4321,1592,\W1.000981;4
4323,1609,4334,1592,\W0.998941;6
4337,1609,4348,1592,\W1.001422;8
3047,860,3058,843,\W1.001005;2
3060,860,3071,843,\W1.001422;8
3076,860,3082,843,\W1.000949;1
3087,860,3093,843,\W1.000575;-
3096,860,3103,843,\W1.000949;1
3108,860,3120,843,\W1.001422;8
3123,860,3129,843,\W1.000949;1
3135,860,3146,843,\W1.001422;8
4454,991,4466,974,\W1.001005;2
4468,992,4479,974,\W1.001422;8
4483,991,4489,974,\W1.000949;1
4494,991,4500,974,\W1.000575;-
4504,991,4510,974,\W1.000949;1
4516,992,4527,974,\W1.001289;3
4529,992,4540,974,\W1.001422;8
4542,992,4554,974,\W0.998941;6
3941,2535,3952,2518,\W1.001005;2
3954,2535,3965,2518,\W1.001422;8
3969,2535,3975,2518,\W1.000949;1
3980,2535,3987,2518,\W1.000575;-
3988,2535,3999,2518,\W1.001005;2
4001,2535,4013,2518,\W1.000981;4
4015,2535,4026,2518,\W1.000870;9
4028,2535,4040,2518,\W1.001422;8
4352,1300,4363,1283,\W1.001005;2
4365,1300,4376,1283,\W1.001422;8
4380,1300,4386,1283,\W1.000949;1
4391,1300,4398,1283,\W1.000575;-
4401,1300,4407,1283,\W1.000949;1
4413,1300,4424,1283,\W1.001289;3
4426,1300,4437,1283,\W1.001422;8
4440,1300,4451,1283,\W1.001554;5
4056,2190,4067,2173,\W1.001005;2
4069,2191,4080,2173,\W1.001422;8
4084,2190,4090,2173,\W1.000949;1
4095,2190,4102,2173,\W1.000575;-
4105,2190,4111,2173,\W1.000949;1
4117,2191,4128,2173,\W1.001289;3
4130,2191,4141,2173,\W1.001422;8
4144,2191,4155,2173,\W1.001289;3
2805,1429,2816,1411,\W1.001005;2
2818,1429,2829,1411,\W1.001422;8
2833,1429,2840,1411,\W1.000949;1
2844,1429,2851,1412,\W1.000575;-
2854,1429,2860,1411,\W1.000949;1
2866,1429,2877,1412,\W1.002074;7
2879,1429,2890,1411,\W1.001422;8
2893,1429,2904,1411,\W1.000870;9
4523,676,4534,659,\W1.001005;2
4536,676,4547,659,\W1.001422;8
4551,676,4557,659,\W1.000949;1
4562,676,4569,659,\W1.000575;-
4572,676,4578,659,\W1.000949;1
4584,676,4595,659,\W1.001289;3
4597,676,4608,659,\W1.001422;8
4611,676,4622,659,\W1.002074;7
2705,1821,2716,1804,\W1.001005;2
2718,1821,2729,1804,\W1.001422;8
2733,1821,2740,1804,\W1.000949;1
2745,1821,2751,1804,\W1.000575;-
2754,1821,2761,1804,\W1.000949;1
2766,1821,2777,1804,\W1.002074;7
2779,1821,2790,1804,\W1.000870;9
2793,1821,2804,1804,\W1.001712;0
3171,488,3182,471,\W1.001005;2
3184,488,3195,471,\W1.001422;8
3199,488,3205,471,\W1.000949;1
3210,488,3217,471,\W1.000575;-
3220,488,3226,471,\W1.000949;1
3232,488,3243,471,\W1.001422;8
3247,488,3253,471,\W1.000949;1
3259,488,3270,471,\W1.002074;7
4576,421,4587,404,\W1.001005;2
4589,422,4600,404,\W1.001422;8
4604,421,4611,404,\W1.000949;1
4616,421,4622,404,\W1.000575;-
4625,421,4631,404,\W1.000949;1
4637,422,4648,404,\W1.001289;3
4650,422,4661,404,\W1.001422;8
4664,422,4675,404,\W1.001422;8
2520,1290,2531,1273,\W1.001005;2
2533,1291,2544,1273,\W1.001422;8
2548,1290,2554,1273,\W1.000949;1
2559,1290,2566,1274,\W1.000575;-
2569,1290,2575,1273,\W1.000949;1
2581,1290,2592,1274,\W1.002074;7
2594,1291,2605,1273,\W1.000870;9
2607,1290,2618,1273,\W1.001005;2
4263,2773,4274,2756,\W1.001005;2
4276,2774,4287,2756,\W1.001422;8
4291,2773,4297,2756,\W1.000949;1
4302,2773,4309,2756,\W1.000575;-
4310,2774,4321,2756,\W1.001422;8
4324,2773,4335,2756,\W1.002074;7
4336,2773,4348,2756,\W1.000981;4
4351,2774,4362,2756,\W1.001289;3
2517,1564,2528,1547,\W1.001005;2
2530,1564,2541,1547,\W1.001422;8
2545,1564,2551,1547,\W1.000949;1
2556,1564,2563,1547,\W1.000575;-
2566,1564,2572,1547,\W1.000949;1
2578,1564,2589,1547,\W1.002074;7
2591,1564,2602,1547,\W1.000870;9
2606,1564,2612,1547,\W1.000949;1
2624,1660,2639,1642,\W1.001239;C
2641,1660,2657,1642,\W1.001018;O
2660,1659,2676,1642,\W1.001964;M
2680,1659,2696,1642,\W1.001964;M
2700,1660,2713,1642,\W1.000512;U
2717,1659,2731,1642,\W1.001661;N
2734,1659,2738,1642,\W0.999554;I
2740,1659,2753,1642,\W0.999597;T
2754,1659,2770,1642,\W1.001282;Y
2779,1659,2782,1642,\W0.998323;:
2792,1659,2809,1642,\W1.001408;A
2811,1659,2823,1642,\W0.999938;L
2831,1659,2847,1642,\W0.999749;K
2849,1659,2863,1642,\W1.000569;H
2865,1659,2887,1642,\W1.000316;W
2887,1659,2904,1642,\W1.001408;A
2906,1659,2920,1642,\W1.001661;N
2923,1659,2936,1642,\W1.002073;E
2940,1659,2953,1642,\W1.002073;E
2954,1660,2965,1642,\W1.001309;J
2976,1659,2988,1642,\W0.999328;F
2990,1659,2994,1642,\W0.999554;I
2997,1659,3012,1642,\W1.001164;R
3013,1660,3027,1642,\W1.000119;S
3029,1659,3043,1642,\W0.999597;T
2782,344,2791,327,\W0.999518;5
2795,343,2802,327,\W0.999009;1
2806,344,2816,327,\W1.002049;7
2818,344,2827,327,\W1.000577;3
2829,344,2840,327,\W0.999474;0
2842,344,2852,327,\W0.999474;0
2782,2963,2791,2947,\W0.999518;5
2795,2963,2802,2947,\W0.999009;1
2806,2963,2816,2947,\W1.002049;7
2818,2963,2827,2947,\W1.000577;3
2829,2963,2840,2947,\W0.999474;0
2842,2963,2852,2947,\W0.999474;0
3850,344,3860,327,\W0.999518;5
3864,343,3870,327,\W0.999009;1
3874,344,3884,327,\W1.002049;7
3886,343,3896,327,\W0.999035;4
3898,344,3908,327,\W0.999474;0
3910,344,3920,327,\W0.999474;0
3850,2963,3860,2947,\W0.999518;5
3864,2963,3870,2947,\W0.999009;1
3874,2963,3884,2947,\W1.002049;7
3886,2963,3896,2947,\W0.999035;4
3898,2963,3908,2947,\W0.999474;0
3910,2963,3920,2947,\W0.999474;0
2536,2582,2553,2572,\W0.999430;2
2536,2571,2553,2561,\W1.002049;7
2536,2558,2553,2548,\W0.998091;9
2536,2546,2553,2536,\W0.999430;2
2536,2534,2553,2525,\W0.996890;8
2536,2522,2553,2512,\W0.999474;0
2536,2510,2553,2500,\W0.999474;0
4837,2582,4853,2572,\W0.999430;2
4837,2571,4853,2561,\W1.002049;7
4837,2558,4853,2548,\W0.998091;9
4837,2546,4853,2536,\W0.999430;2
4837,2534,4853,2525,\W0.996890;8
4837,2522,4853,2512,\W0.999474;0
4837,2510,4853,2500,\W0.999474;0
2536,1515,2553,1505,\W0.999430;2
2536,1503,2553,1493,\W1.002049;7
2536,1491,2553,1481,\W0.998091;9
2536,1479,2553,1469,\W0.999430;2
2536,1467,2553,1457,\W0.998091;9
2536,1455,2553,1445,\W0.999474;0
2536,1443,2553,1433,\W0.999474;0
4837,1515,4853,1505,\W0.999430;2
4837,1503,4853,1493,\W1.002049;7
4837,1491,4853,1481,\W0.998091;9
4837,1479,4853,1469,\W0.999430;2
4837,1467,4853,1457,\W0.998091;9
4837,1455,4853,1445,\W0.999474;0
4837,1443,4853,1433,\W0.999474;0
2536,448,2553,438,\W0.999430;2
2536,436,2553,426,\W1.002049;7
2536,424,2553,414,\W0.998091;9
2536,412,2553,403,\W1.000577;3
2536,400,2553,390,\W0.999474;0
2536,388,2553,378,\W0.999474;0
2536,376,2553,366,\W0.999474;0
4837,448,4853,438,\W0.999430;2
4837,436,4853,426,\W1.002049;7
4837,424,4853,414,\W0.998091;9
4837,412,4853,403,\W1.000577;3
4837,400,4853,390,\W0.999474;0
4837,388,4853,378,\W0.999474;0
4837,376,4853,366,\W0.999474;0
1188,3247,1211,3220,\W1.002794;D
1212,3247,1239,3220,\W1.001408;A
1239,3247,1261,3220,\W0.999597;T
1264,3247,1285,3220,\W1.002072;E
1301,3247,1306,3220,\W0.998323;:
1188,3146,1209,3120,\W1.001346;P
1213,3146,1237,3120,\W1.001164;R
1240,3146,1260,3120,\W1.002072;E
1264,3146,1285,3120,\W1.001346;P
1287,3146,1314,3120,\W1.001408;A
1316,3146,1340,3120,\W1.001164;R
1343,3146,1364,3120,\W1.002072;E
1369,3146,1391,3120,\W1.002794;D
1406,3146,1428,3120,\W1.000781;B
1430,3146,1455,3120,\W1.001282;Y
1469,3146,1474,3120,\W0.998323;:
1185,3297,1210,3270,\W1.001188;V
1210,3297,1237,3270,\W1.001408;A
1240,3297,1259,3270,\W0.999938;L
1262,3297,1267,3270,\W0.999554;I
1273,3297,1295,3270,\W1.002794;D
1299,3297,1305,3270,\W0.999554;I
1308,3297,1330,3270,\W0.999597;T
1330,3297,1355,3270,\W1.001282;Y
1359,3297,1364,3270,\W0.998323;:
1380,3297,1398,3270,\W1.001205;6
1412,3297,1437,3270,\W1.001964;M
1442,3297,1467,3269,\W1.001018;O
1472,3297,1493,3270,\W1.001661;N
1497,3297,1518,3270,\W0.999597;T
1522,3297,1543,3270,\W1.000569;H
1547,3297,1569,3269,\W1.000119;S
1582,3297,1608,3269,\W1.001018;O
1613,3297,1634,3270,\W1.001661;N
1640,3297,1659,3270,\W0.999938;L
1660,3297,1685,3270,\W1.001282;Y
1698,3297,1716,3270,\W0.999328;F
1721,3297,1745,3270,\W1.001164;R
1746,3297,1772,3269,\W1.001018;O
1777,3297,1803,3270,\W1.001964;M
1816,3297,1837,3270,\W0.999597;T
1841,3297,1862,3270,\W1.000569;H
1867,3297,1888,3270,\W1.002072;E
1903,3297,1926,3270,\W1.002794;D
1927,3297,1954,3270,\W1.001408;A
1955,3297,1976,3270,\W0.999597;T
1979,3297,2000,3270,\W1.002072;E
2014,3297,2040,3269,\W1.001018;O
2044,3297,2063,3270,\W0.999328;F
2077,3297,2082,3270,\W0.999554;I
2086,3297,2108,3269,\W1.000119;S
2111,3297,2133,3269,\W1.000119;S
2138,3297,2159,3270,\W1.000512;U
2164,3297,2185,3270,\W1.002072;E
1187,3347,1209,3319,\W1.000119;S
1212,3347,1235,3319,\W1.001239;C
1237,3346,1264,3320,\W1.001408;A
1267,3346,1286,3320,\W0.999938;L
1290,3346,1310,3320,\W1.002072;E
1326,3346,1331,3320,\W0.998323;:
1185,3197,1212,3170,\W1.001408;A
1215,3197,1235,3170,\W1.001346;P
1240,3197,1260,3170,\W1.001346;P
1264,3197,1288,3170,\W1.001164;R
1291,3197,1317,3170,\W1.001018;O
1318,3197,1343,3170,\W1.001188;V
1346,3197,1366,3170,\W1.002072;E
1371,3197,1393,3170,\W1.002794;D
1407,3197,1430,3170,\W1.000781;B
1432,3197,1457,3170,\W1.001282;Y
1471,3197,1476,3170,\W0.998323;:
2493,3303,2631,3134,\W2.169133;/
1190,3069,1229,3021,\W1.001661;N
1237,3070,1284,3020,\W1.001018;O
1290,3070,1332,3020,\W1.001239;C
1359,3069,1398,3021,\W1.001661;N
1406,3070,1453,3020,\W1.001018;O
1482,3069,1491,3021,\W0.998323;:
2879,3057,2905,3024,\W1.001090;N
2911,3058,2943,3023,\W1.000360;O
2946,3057,2973,3024,\W1.000799;T
2977,3057,3002,3024,\W1.000333;E
3009,3057,3014,3024,\W0.998831;:
3064,3057,3096,3024,\W1.003087;A
3100,3057,3125,3024,\W1.001708;P
3130,3057,3156,3024,\W1.001708;P
3161,3057,3191,3024,\W1.002628;R
3194,3058,3226,3023,\W1.000360;O
3228,3057,3259,3024,\W1.000852;X
3263,3057,3268,3024,\W1.002522;I
3276,3057,3307,3024,\W1.001361;M
3311,3057,3342,3024,\W1.003087;A
3343,3057,3369,3024,\W1.000799;T
3374,3057,3399,3024,\W1.000333;E
3452,3057,3478,3024,\W1.001708;P
3482,3058,3514,3023,\W1.000360;O
3518,3058,3545,3023,\W1.002574;S
3552,3057,3556,3024,\W1.002522;I
3561,3057,3588,3024,\W1.000799;T
3593,3057,3597,3024,\W1.002522;I
3604,3058,3636,3023,\W1.000360;O
3641,3057,3668,3024,\W1.001090;N
3721,3058,3753,3023,\W1.000360;O
3759,3057,3781,3024,\W1.000927;F
2879,3111,2904,3077,\W1.000333;E
2910,3111,2931,3077,\W1.001329;L
2936,3111,2961,3077,\W1.000333;E
2965,3111,2995,3077,\W1.001176;C
2998,3111,3024,3077,\W1.000799;T
3029,3111,3059,3077,\W1.002628;R
3063,3111,3067,3077,\W1.002522;I
3074,3111,3103,3077,\W1.001176;C
3110,3111,3114,3077,\W1.002522;I
3119,3111,3146,3077,\W1.000799;T
3147,3111,3178,3077,\W1.000852;Y
3178,3111,3191,3077,\W0.997766;/
3191,3111,3234,3077,\W1.000632;W
3235,3111,3266,3077,\W1.003087;A
3267,3111,3294,3077,\W1.000799;T
3298,3111,3323,3077,\W1.000333;E
3330,3111,3359,3077,\W1.002628;R
3426,3111,3452,3077,\W1.001090;N
3460,3111,3485,3077,\W1.000333;E
3488,3111,3515,3077,\W1.000799;T
3516,3111,3559,3077,\W1.000632;W
3562,3111,3594,3077,\W1.000360;O
3599,3111,3629,3077,\W1.002628;R
3633,3111,3660,3077,\W1.000895;K
3728,3111,3732,3077,\W1.002522;I
3738,3111,3765,3077,\W1.002574;S
2877,3165,2904,3131,\W1.002574;S
2910,3165,2936,3131,\W1.000571;H
2942,3165,2974,3131,\W1.000360;O
2977,3165,3019,3131,\W1.000632;W
3023,3165,3050,3131,\W1.001090;N
3067,3165,3110,3131,\W1.000632;W
3115,3165,3119,3131,\W1.002522;I
3124,3165,3151,3131,\W1.000799;T
3156,3165,3182,3131,\W1.000571;H
3190,3165,3195,3131,\W1.002522;I
3202,3165,3229,3131,\W1.001090;N
3259,3165,3289,3131,\W1.000852;Y
3292,3165,3324,3131,\W1.000360;O
3329,3165,3355,3131,\W1.000628;U
3363,3165,3392,3131,\W1.002628;R
3408,3165,3434,3131,\W1.002574;S
3439,3165,3469,3131,\W1.001176;C
3473,3165,3505,3131,\W1.000360;O
3511,3165,3536,3131,\W1.001708;P
3542,3165,3567,3131,\W1.000333;E
3584,3165,3616,3131,\W1.000360;O
3622,3165,3645,3131,\W1.000927;F
3660,3165,3703,3131,\W1.000632;W
3706,3165,3738,3131,\W1.000360;O
3744,3165,3773,3131,\W1.002628;R
3777,3165,3805,3131,\W1.000895;K
3809,3165,3813,3131,\W0.998831;.
2875,3218,2907,3184,\W1.003087;A
2910,3218,2936,3184,\W1.001090;N
2940,3218,2971,3184,\W1.000852;Y
2993,3218,3021,3184,\W1.000895;D
3023,3218,3055,3184,\W1.003087;A
3058,3218,3090,3184,\W1.001361;M
3093,3218,3124,3184,\W1.003087;A
3127,3218,3158,3184,\W0.999963;G
3164,3218,3189,3184,\W1.000333;E
3212,3218,3239,3184,\W1.000799;T
3241,3218,3273,3184,\W1.000360;O
3295,3218,3322,3184,\W1.000799;T
3327,3218,3353,3184,\W1.000571;H
3361,3218,3386,3184,\W1.000333;E
3410,3218,3436,3184,\W1.001090;N
3444,3218,3469,3184,\W1.000333;E
3472,3218,3499,3184,\W1.000799;T
3500,3218,3543,3184,\W1.000632;W
3546,3218,3578,3184,\W1.000360;O
3584,3218,3614,3184,\W1.002628;R
3617,3218,3644,3184,\W1.000895;K
3666,3218,3692,3184,\W1.002574;S
3698,3218,3725,3184,\W1.000571;H
3728,3218,3760,3184,\W1.003087;A
3763,3218,3784,3184,\W1.001329;L
3789,3218,3810,3184,\W1.001329;L
2879,3272,2904,3238,\W1.000154;B
2910,3272,2935,3238,\W1.000333;E
3004,3272,3034,3238,\W1.001176;C
3039,3272,3066,3238,\W1.000571;H
3069,3272,3100,3238,\W1.003087;A
3104,3272,3133,3238,\W1.002628;R
3137,3272,3167,3238,\W0.999963;G
3174,3272,3199,3238,\W1.000333;E
3204,3272,3232,3238,\W1.000895;D
3299,3272,3331,3238,\W1.003087;A
3332,3272,3359,3238,\W1.002574;S
3429,3272,3455,3238,\W1.001708;P
3460,3272,3485,3238,\W1.000333;E
3492,3272,3522,3238,\W1.002628;R
3590,3272,3617,3238,\W1.000895;D
3624,3272,3649,3238,\W1.000333;E
3651,3272,3694,3238,\W1.000632;W
3695,3272,3726,3238,\W1.003087;A
3728,3272,3733,3238,\W0.998831;&apos;
3737,3272,3764,3238,\W1.002574;S
2879,3325,2908,3291,\W1.002628;R
2912,3325,2938,3291,\W1.000628;U
2946,3325,2966,3291,\W1.001329;L
2972,3325,2997,3291,\W1.000333;E
3001,3325,3028,3291,\W1.002574;S
3208,3325,3239,3291,\W1.003087;A
3243,3325,3269,3291,\W1.001090;N
3276,3325,3304,3291,\W1.000895;D
3487,3325,3516,3291,\W1.002628;R
3521,3325,3546,3291,\W1.000333;E
3550,3325,3581,3291,\W0.999963;G
3588,3325,3615,3291,\W1.000628;U
3621,3325,3642,3291,\W1.001329;L
3644,3325,3676,3291,\W1.003087;A
3676,3325,3703,3291,\W1.000799;T
3708,3325,3712,3291,\W1.002522;I
3718,3325,3750,3291,\W1.000360;O
3756,3325,3783,3291,\W1.001090;N
3789,3325,3815,3291,\W1.002574;S
3822,3325,3826,3291,\W0.998831;.
1535,3346,1544,3319,\W1.000949;1
1554,3346,1558,3320,\W0.998831;:
1563,3346,1580,3320,\W1.002074;7
1584,3347,1601,3319,\W1.000870;9
1604,3347,1622,3319,\W0.998941;6
1532,3251,1549,3225,\W1.001005;2
1552,3252,1570,3225,\W1.001712;0
1575,3251,1579,3225,\W0.998831;.
1584,3252,1601,3225,\W1.001712;0
1605,3252,1622,3225,\W1.001554;5
1627,3251,1630,3225,\W0.998831;.
1635,3251,1653,3225,\W1.001005;2
1656,3252,1674,3225,\W1.001712;0
1680,3251,1690,3225,\W1.000949;1
1698,3252,1716,3225,\W1.001422;8
1533,3202,1553,3175,\W1.000333;E
1558,3202,1579,3175,\W1.001090;N
1584,3202,1609,3175,\W0.999963;G
1614,3202,1618,3175,\W0.998831;.
1632,3202,1657,3175,\W1.003087;A
1660,3202,1685,3175,\W1.001361;M
1691,3202,1695,3175,\W1.002522;I
1701,3202,1722,3175,\W1.001090;N
1725,3202,1750,3175,\W1.003087;A
1760,3202,1785,3175,\W1.003087;A
1788,3202,1805,3175,\W1.001329;L
1809,3202,1813,3175,\W1.002522;I
1830,3202,1851,3175,\W1.000571;H
1854,3202,1879,3175,\W1.003087;A
1880,3202,1901,3175,\W1.002574;S
1906,3202,1927,3175,\W1.000571;H
1934,3202,1954,3175,\W1.000333;E
1958,3202,1984,3175,\W1.001361;M
1533,3147,1559,3120,\W1.001361;M
1563,3148,1581,3120,\W1.001058;o
1585,3147,1600,3120,\W1.001767;h
1604,3148,1622,3120,\W1.000182;a
1626,3147,1652,3120,\W0.999575;m
1656,3148,1674,3120,\W1.001205;e
1677,3148,1694,3120,\W1.000382;d
1708,3148,1730,3120,\W1.002574;S
1734,3147,1737,3120,\W0.998236;i
1742,3147,1758,3120,\W1.000455;k
1761,3147,1777,3120,\W1.000455;k
1778,3148,1796,3120,\W1.000182;a
1800,3147,1816,3120,\W1.001151;n
1820,3148,1837,3120,\W1.000382;d
1841,3148,1859,3120,\W1.000182;a
1863,3147,1873,3120,\W1.001496;r
1536,3069,1557,3020,\W1.000662;1
1571,3070,1602,3020,\W1.002139;0
1608,3070,1639,3020,\W1.002139;0
1649,3069,1670,3020,\W1.000662;1
1684,3069,1715,3021,\W1.000802;7
1720,3069,1753,3020,\W1.001336;2
1759,3070,1790,3020,\W1.002139;0
1796,3069,1830,3020,\W1.001341;4
1834,3070,1866,3020,\W1.000592;3
Polyline,X,Y
1,31,3421
2,31,0
3,4925,0
4,4925,3421
5,31,3421
1,0,2805
2,2593,3012
1,535,569
2,667,173
1,720,173
2,1134,311
3,998,723
4,535,569
1,1231,2578
2,1334,2270
3,1952,2475
4,1849,2783
5,1231,2578
1,2593,288
2,2247,173
1,0,2236
2,693,2467
3,477,3117
1,17,1917
2,145,1531
3,639,1695
4,511,2081
5,17,1917
1,0,1053
2,133,1098
3,273,1145
4,145,1531
5,0,1482
6,0,1482
1,1951,417
2,2032,173
1,2247,173
2,2593,288
1,2593,549
2,2568,623
3,1951,417
1,1745,1035
2,1848,726
3,2466,932
4,2363,1240
5,1745,1035
1,1577,253
2,1338,173
1,1707,173
2,1701,191
3,1577,253
1,0,1482
2,0,1482
3,145,1531
4,17,1917
5,0,1911
1,0,651
2,145,173
1,667,173
2,535,569
3,398,981
4,196,914
5,96,879
6,0,848
1,145,173
2,0,651
1,398,981
2,535,569
3,998,723
4,861,1135
5,398,981
1,1911,2804
2,1849,2783
3,1870,2722
4,1931,2742
5,1911,2804
1,145,1531
2,273,1145
3,767,1309
4,639,1695
5,145,1531
1,477,3117
2,693,2467
3,1828,2845
4,1737,3117
1,1848,726
2,1951,417
3,2568,623
4,2466,932
5,1848,726
1,1334,2270
2,1437,1960
3,2054,2166
4,1952,2475
5,1334,2270
1,1643,1344
2,1745,1035
3,2363,1240
4,2260,1549
5,1643,1344
1,861,1135
2,998,723
3,1134,311
4,1515,438
5,1577,562
6,1364,1199
7,1242,1261
8,861,1135
1,511,2081
2,639,1695
3,767,1309
4,1180,1446
5,1242,1570
6,1046,2157
7,923,2218
8,511,2081
1,1737,3117
2,1828,2845
3,1849,2783
4,1911,2804
5,1931,2742
6,1870,2722
7,1952,2475
8,2054,2166
9,2260,1549
10,2363,1240
11,2466,932
12,2568,623
13,2593,549
1,2593,2093
2,2252,3117
1,2157,1858
2,2054,2166
3,1437,1960
4,1540,1652
5,2157,1858
1,2260,1549
2,2157,1858
3,1540,1652
4,1643,1344
5,2260,1549
1,2391,3117
2,2555,2622
1,1133,1235
2,858,1144
3,815,1129
4,687,1087
5,203,926
6,194,922
7,93,888
8,0,858
1,1497,422
2,1523,430
3,1587,561
4,1567,621
1,1225,2568
2,1231,2548
3,1309,2316
4,1441,1917
5,1518,1689
6,1633,1340
7,1736,1032
8,1830,753
9,1839,723
10,1942,414
11,2022,173
1,1553,255
2,1497,422
1,2264,3117
2,2441,2587
1,1431,398
2,1479,416
1,1100,1410
2,1143,1424
1,1133,1235
2,1198,1257
1,0,2226
2,1205,2627
3,1214,2602
4,1225,2568
1,1479,416
2,1497,422
1,0,1043
2,136,1089
3,277,1136
4,771,1300
5,1100,1410
1,2441,2587
2,2461,2592
1,1143,1424
2,1161,1430
1,1217,1263
2,1161,1430
1,1198,1257
2,1217,1263
1,1567,621
2,1551,672
3,1518,769
4,1372,1206
5,1242,1272
6,1217,1263
1,2461,2592
2,2555,2622
1,1161,1430
2,1187,1439
3,1252,1569
4,1242,1599
5,1054,2163
6,924,2229
7,631,2132
8,543,2102
9,482,2081
10,429,2064
11,14,1926
12,0,1921
1,2441,2587
2,2593,2132
1,1431,398
2,1032,267
3,751,173
1,815,1129
2,820,1109
1,1830,753
2,1843,757
1,1441,1917
2,1460,1922
1,543,2102
2,547,2085
1,482,2081
2,490,2056
1,827,1113
2,827,1174
1,797,1143
2,827,1143
1,857,1143
2,827,1143
1,1307,1781
2,1070,2318
3,866,2267
4,1177,1589
5,1155,1533
6,1228,1312
7,753,1222
8,799,1086
9,799,1070
10,1369,1211
11,1279,1470
12,1307,1781
1,237,1653
2,235,1656
3,233,1656
4,231,1656
5,230,1655
6,229,1653
7,229,1651
8,229,1648
9,230,1646
10,233,1645
11,235,1646
12,237,1648
13,240,1647
14,239,1644
15,236,1643
16,233,1642
17,230,1643
18,227,1644
19,226,1647
20,225,1651
21,226,1654
22,227,1657
23,230,1659
24,233,1659
25,236,1659
26,237,1658
27,240,1656
28,240,1653
29,237,1653
1,242,1651
2,243,1654
3,245,1657
4,247,1659
5,251,1659
6,254,1659
7,257,1657
8,258,1654
9,259,1651
10,258,1647
11,257,1644
12,254,1643
13,250,1642
14,247,1643
15,245,1644
16,243,1646
17,242,1651
1,246,1651
2,246,1648
3,247,1646
4,251,1645
5,254,1646
6,255,1648
7,255,1651
8,255,1653
9,254,1655
10,253,1656
11,251,1656
12,249,1656
13,247,1655
14,247,1653
15,246,1651
1,262,1659
2,265,1659
3,265,1646
4,269,1659
5,271,1659
6,276,1646
7,276,1659
8,278,1659
9,278,1642
10,273,1642
11,270,1655
12,267,1642
13,262,1642
14,262,1659
1,282,1659
2,285,1659
3,286,1646
4,289,1659
5,291,1659
6,296,1646
7,296,1659
8,299,1659
9,299,1642
10,293,1642
11,291,1655
12,287,1642
13,282,1642
14,282,1659
1,301,1642
2,301,1651
3,301,1653
4,301,1656
5,303,1657
6,305,1659
7,309,1659
8,311,1659
9,314,1657
10,315,1656
11,315,1653
12,315,1651
13,315,1642
14,311,1642
15,311,1651
16,311,1654
17,311,1656
18,309,1656
19,306,1656
20,305,1654
21,305,1653
22,305,1651
23,305,1642
24,301,1642
1,319,1659
2,322,1659
3,322,1646
4,328,1659
5,332,1659
6,332,1642
7,329,1642
8,329,1656
9,323,1642
10,319,1642
11,319,1659
1,336,1659
2,339,1659
3,339,1642
4,336,1642
5,336,1659
1,347,1659
2,350,1659
3,350,1645
4,355,1645
5,355,1642
6,342,1642
7,342,1645
8,347,1645
9,347,1659
1,362,1659
2,366,1659
3,366,1652
4,373,1642
5,368,1642
6,364,1649
7,360,1642
8,357,1642
9,362,1652
10,362,1659
1,380,1650
2,384,1650
3,384,1646
4,380,1646
5,380,1650
1,380,1659
2,384,1659
3,384,1656
4,380,1656
5,380,1659
1,410,1659
2,404,1642
3,399,1642
4,393,1659
5,397,1659
6,398,1656
7,405,1656
8,406,1659
9,410,1659
1,404,1653
2,399,1653
3,402,1645
4,404,1653
1,412,1659
2,424,1659
3,424,1656
4,416,1656
5,416,1642
6,412,1642
7,412,1659
1,433,1659
2,437,1659
3,437,1654
4,439,1651
5,444,1659
6,449,1659
7,442,1648
8,449,1642
9,444,1642
10,437,1649
11,437,1642
12,433,1642
13,433,1659
1,450,1659
2,454,1659
3,454,1651
4,460,1651
5,460,1659
6,464,1659
7,464,1642
8,460,1642
9,460,1648
10,454,1648
11,454,1642
12,450,1642
13,450,1659
1,470,1659
2,474,1659
3,477,1646
4,480,1659
5,485,1659
6,488,1642
7,485,1642
8,483,1656
9,479,1642
10,475,1642
11,472,1656
12,470,1642
13,466,1642
14,470,1659
1,506,1659
2,500,1642
3,495,1642
4,489,1659
5,493,1659
6,494,1656
7,500,1656
8,502,1659
9,506,1659
1,500,1653
2,495,1653
3,498,1645
4,500,1653
1,508,1659
2,511,1659
3,511,1646
4,517,1659
5,521,1659
6,521,1642
7,518,1642
8,518,1656
9,512,1642
10,508,1642
11,508,1659
1,525,1659
2,538,1659
3,538,1656
4,529,1656
5,529,1651
6,537,1651
7,537,1648
8,529,1648
9,529,1645
10,538,1645
11,538,1642
12,525,1642
13,525,1659
1,541,1659
2,554,1659
3,554,1656
4,544,1656
5,544,1651
6,553,1651
7,553,1648
8,544,1648
9,544,1645
10,554,1645
11,554,1642
12,541,1642
13,541,1659
1,564,1642
2,564,1653
3,564,1655
4,563,1656
5,562,1656
6,561,1656
7,560,1653
8,557,1653
9,557,1656
10,558,1658
11,559,1659
12,562,1659
13,565,1659
14,567,1656
15,567,1653
16,567,1642
17,564,1642
1,577,1659
2,580,1659
3,580,1652
4,587,1652
5,587,1649
6,580,1649
7,580,1645
8,588,1645
9,588,1642
10,577,1642
11,577,1659
1,592,1659
2,595,1659
3,595,1642
4,592,1642
5,592,1659
1,598,1659
2,602,1659
3,602,1652
4,603,1652
5,605,1652
6,605,1653
7,608,1656
8,610,1659
9,614,1659
10,612,1656
11,610,1653
12,608,1651
13,611,1650
14,613,1647
15,612,1644
16,610,1643
17,608,1642
18,605,1642
19,598,1642
20,598,1659
1,602,1649
2,602,1645
3,605,1645
4,606,1645
5,607,1645
6,608,1646
7,609,1647
8,609,1648
9,608,1649
10,607,1649
11,605,1649
12,602,1649
1,615,1653
2,615,1656
3,617,1658
4,619,1659
5,622,1659
6,626,1659
7,628,1657
8,628,1654
9,628,1652
10,626,1651
11,623,1649
12,621,1648
13,620,1648
14,619,1647
15,620,1646
16,621,1645
17,623,1646
18,624,1647
19,628,1647
20,627,1645
21,626,1643
22,624,1643
23,621,1642
24,618,1643
25,616,1644
26,615,1647
27,616,1648
28,617,1650
29,618,1651
30,621,1652
31,623,1652
32,623,1653
33,625,1653
34,625,1654
35,624,1656
36,622,1656
37,620,1656
38,618,1653
39,615,1653
1,636,1659
2,639,1659
3,639,1645
4,644,1645
5,644,1642
6,631,1642
7,631,1645
8,636,1645
9,636,1659
1,117,2983
2,117,307
3,2475,307
4,2475,2983
5,117,2983
1,419,2983
2,419,307
1,419,307
2,419,322
1,419,2983
2,419,2968
1,1487,2983
2,1487,307
1,1487,307
2,1487,322
1,1487,2983
2,1487,2968
1,117,2541
2,2475,2541
1,117,2541
2,132,2541
1,2475,2541
2,2461,2541
1,117,1474
2,2475,1474
1,117,1474
2,132,1474
1,2475,1474
2,2461,1474
1,117,407
2,2475,407
1,117,407
2,132,407
1,2475,407
2,2461,407
1,4093,3008
2,4385,3008
1,131,3287
2,236,3287
1,431,3254
2,431,3233
3,473,3233
4,473,3254
5,431,3254
1,431,3278
2,431,3256
3,473,3256
4,473,3278
5,431,3278
1,431,3300
2,431,3278
3,473,3278
4,473,3300
5,431,3300
1,431,3323
2,431,3301
3,473,3301
4,473,3323
5,431,3323
1,431,3346
2,431,3324
3,473,3324
4,473,3346
5,431,3346
1,432,3205
2,485,3205
1,125,3008
2,365,3008
1,114,3356
2,114,58
3,4878,58
4,4878,3356
5,114,3356
1,2398,2805
2,4991,3012
1,2934,569
2,3065,173
1,3118,173
2,3533,311
3,3396,723
4,2934,569
1,3630,2578
2,3733,2270
3,4350,2475
4,4247,2783
5,3630,2578
1,4991,288
2,4646,173
1,2398,2236
2,3092,2467
3,2875,3117
1,2415,1917
2,2544,1531
3,3038,1695
4,2909,2081
5,2415,1917
1,2398,1053
2,2532,1098
3,2672,1145
4,2544,1531
5,2399,1482
6,2398,1482
1,4350,417
2,4431,173
1,4646,173
2,4991,288
1,4991,549
2,4967,623
3,4350,417
1,4144,1035
2,4247,726
3,4864,932
4,4761,1240
5,4144,1035
1,3976,253
2,3736,173
1,4105,173
2,4099,191
3,3976,253
1,2398,1482
2,2399,1482
3,2544,1531
4,2415,1917
5,2398,1911
1,2398,651
2,2544,173
1,3065,173
2,2934,569
3,2796,981
4,2595,914
5,2494,879
6,2398,848
1,2544,173
2,2398,651
1,2796,981
2,2934,569
3,3396,723
4,3259,1135
5,2796,981
1,4309,2804
2,4247,2783
3,4268,2722
4,4329,2742
5,4309,2804
1,2544,1531
2,2672,1145
3,3166,1309
4,3038,1695
5,2544,1531
1,2875,3117
2,3092,2467
3,4227,2845
4,4136,3117
1,4247,726
2,4350,417
3,4967,623
4,4864,932
5,4247,726
1,3733,2270
2,3836,1960
3,4453,2166
4,4350,2475
5,3733,2270
1,4041,1344
2,4144,1035
3,4761,1240
4,4659,1549
5,4041,1344
1,3259,1135
2,3396,723
3,3533,311
4,3914,438
5,3976,562
6,3763,1199
7,3640,1261
8,3259,1135
1,2909,2081
2,3038,1695
3,3166,1309
4,3578,1446
5,3640,1570
6,3445,2157
7,3322,2218
8,2909,2081
1,4136,3117
2,4227,2845
3,4247,2783
4,4309,2804
5,4329,2742
6,4268,2722
7,4350,2475
8,4453,2166
9,4659,1549
10,4761,1240
11,4864,932
12,4967,623
13,4991,549
1,4991,2093
2,4651,3117
1,4556,1858
2,4453,2166
3,3836,1960
4,3938,1652
5,4556,1858
1,4659,1549
2,4556,1858
3,3938,1652
4,4041,1344
5,4659,1549
1,4329,2742
2,4309,2804
3,4247,2783
4,4268,2722
5,4329,2742
1,4268,2722
2,4329,2742
3,4309,2804
4,4247,2783
5,4268,2722
1,4268,2779
2,4261,2796
3,3626,2580
4,3732,2257
5,3468,2158
6,3660,1564
7,3586,1423
8,3206,1298
9,3179,1380
1,4279,2782
2,4272,2809
3,3616,2586
4,3721,2266
5,3452,2163
6,3649,1569
7,3582,1438
8,3225,1319
9,3205,1384
1,4291,2788
2,4281,2820
3,3605,2589
4,4029,1303
5,3769,1216
6,3646,1278
7,3146,1111
8,3178,1018
1,4134,1030
2,4138,1031
3,4206,825
4,4262,843
1,4293,2788
2,4282,2823
3,3601,2592
4,4025,1304
5,3769,1219
6,3646,1281
7,3143,1114
8,3175,1017
1,4288,2787
2,4281,2807
3,3614,2580
4,4127,1022
5,4136,1025
1,4275,2764
2,4266,2794
1,4266,2794
2,4265,2794
3,4265,2795
4,4265,2796
5,4264,2796
6,4263,2796
7,4263,2797
8,4262,2797
9,4261,2797
10,4260,2797
11,4260,2796
12,4259,2796
13,4258,2796
14,4258,2795
15,4258,2794
16,4257,2794
17,4257,2793
18,4257,2792
1,4257,2792
2,4275,2736
1,4267,2743
2,4249,2798
1,4249,2798
2,4248,2799
3,4248,2799
4,4247,2800
5,4247,2801
6,4246,2801
7,4245,2802
8,4245,2802
9,4244,2803
10,4243,2803
11,4242,2803
12,4242,2803
1,2398,1019
2,2542,1068
3,2805,1155
4,2922,1196
5,3598,1421
6,3670,1566
7,3498,2083
8,3739,2164
9,3597,2591
10,4151,2775
11,4263,2809
12,4281,2756
1,4290,2763
2,4270,2823
3,4148,2785
4,3102,2437
5,2398,2203
1,4991,2334
2,4956,2439
3,4868,2704
4,4768,3007
5,4731,3117
1,4732,3117
2,4769,3007
3,4869,2704
4,4957,2439
5,4991,2337
1,4730,3117
2,4767,3007
3,4868,2703
4,4955,2439
5,4991,2331
1,3946,1287
2,3775,1230
1,3948,1280
2,3777,1223
1,3223,1113
2,3223,1174
1,3193,1143
2,3223,1143
1,3253,1143
2,3223,1143
1,3703,1781
2,3466,2318
3,3263,2267
4,3573,1589
5,3551,1533
6,3624,1312
7,3150,1222
8,3195,1086
9,3195,1070
10,3765,1211
11,3675,1470
12,3703,1781
1,2635,1653
2,2633,1656
3,2631,1656
4,2629,1656
5,2628,1655
6,2627,1653
7,2627,1651
8,2627,1648
9,2628,1646
10,2631,1645
11,2633,1646
12,2635,1648
13,2638,1647
14,2637,1644
15,2634,1643
16,2631,1642
17,2628,1643
18,2625,1644
19,2624,1647
20,2623,1651
21,2624,1654
22,2625,1657
23,2628,1659
24,2631,1659
25,2634,1659
26,2635,1658
27,2637,1656
28,2638,1653
29,2635,1653
1,2640,1651
2,2641,1654
3,2642,1657
4,2645,1659
5,2649,1659
6,2652,1659
7,2655,1657
8,2656,1654
9,2657,1651
10,2656,1647
11,2655,1644
12,2652,1643
13,2648,1642
14,2645,1643
15,2642,1644
16,2641,1646
17,2640,1651
1,2644,1651
2,2644,1648
3,2645,1646
4,2649,1645
5,2652,1646
6,2653,1648
7,2653,1651
8,2653,1653
9,2652,1655
10,2650,1656
11,2649,1656
12,2647,1656
13,2645,1655
14,2645,1653
15,2644,1651
1,2660,1659
2,2663,1659
3,2663,1646
4,2667,1659
5,2669,1659
6,2673,1646
7,2673,1659
8,2676,1659
9,2676,1642
10,2671,1642
11,2668,1655
12,2665,1642
13,2660,1642
14,2660,1659
1,2680,1659
2,2683,1659
3,2683,1646
4,2687,1659
5,2689,1659
6,2693,1646
7,2693,1659
8,2696,1659
9,2696,1642
10,2691,1642
11,2688,1655
12,2685,1642
13,2680,1642
14,2680,1659
1,2699,1642
2,2699,1651
3,2699,1653
4,2699,1656
5,2701,1657
6,2703,1659
7,2706,1659
8,2709,1659
9,2711,1657
10,2713,1656
11,2713,1653
12,2713,1651
13,2713,1642
14,2709,1642
15,2709,1651
16,2709,1654
17,2709,1656
18,2706,1656
19,2704,1656
20,2703,1654
21,2703,1653
22,2703,1651
23,2703,1642
24,2699,1642
1,2716,1659
2,2719,1659
3,2719,1646
4,2726,1659
5,2730,1659
6,2730,1642
7,2727,1642
8,2727,1656
9,2721,1642
10,2716,1642
11,2716,1659
1,2734,1659
2,2737,1659
3,2737,1642
4,2734,1642
5,2734,1659
1,2745,1659
2,2748,1659
3,2748,1645
4,2753,1645
5,2753,1642
6,2739,1642
7,2739,1645
8,2745,1645
9,2745,1659
1,2760,1659
2,2764,1659
3,2764,1652
4,2770,1642
5,2766,1642
6,2762,1649
7,2758,1642
8,2755,1642
9,2760,1652
10,2760,1659
1,2778,1650
2,2782,1650
3,2782,1646
4,2778,1646
5,2778,1650
1,2778,1659
2,2782,1659
3,2782,1656
4,2778,1656
5,2778,1659
1,2808,1659
2,2802,1642
3,2797,1642
4,2791,1659
5,2795,1659
6,2796,1656
7,2803,1656
8,2804,1659
9,2808,1659
1,2802,1653
2,2797,1653
3,2800,1645
4,2802,1653
1,2810,1659
2,2822,1659
3,2822,1656
4,2814,1656
5,2814,1642
6,2810,1642
7,2810,1659
1,2831,1659
2,2834,1659
3,2834,1654
4,2837,1651
5,2842,1659
6,2847,1659
7,2839,1648
8,2847,1642
9,2842,1642
10,2834,1649
11,2834,1642
12,2831,1642
13,2831,1659
1,2848,1659
2,2852,1659
3,2852,1651
4,2858,1651
5,2858,1659
6,2862,1659
7,2862,1642
8,2858,1642
9,2858,1648
10,2852,1648
11,2852,1642
12,2848,1642
13,2848,1659
1,2867,1659
2,2872,1659
3,2875,1646
4,2878,1659
5,2883,1659
6,2886,1642
7,2883,1642
8,2880,1656
9,2877,1642
10,2873,1642
11,2870,1656
12,2867,1642
13,2864,1642
14,2867,1659
1,2903,1659
2,2898,1642
3,2893,1642
4,2887,1659
5,2890,1659
6,2892,1656
7,2898,1656
8,2900,1659
9,2903,1659
1,2898,1653
2,2893,1653
3,2895,1645
4,2898,1653
1,2905,1659
2,2908,1659
3,2908,1646
4,2915,1659
5,2919,1659
6,2919,1642
7,2916,1642
8,2916,1656
9,2910,1642
10,2905,1642
11,2905,1659
1,2923,1659
2,2936,1659
3,2936,1656
4,2926,1656
5,2926,1651
6,2935,1651
7,2935,1648
8,2926,1648
9,2926,1645
10,2936,1645
11,2936,1642
12,2923,1642
13,2923,1659
1,2939,1659
2,2952,1659
3,2952,1656
4,2942,1656
5,2942,1651
6,2951,1651
7,2951,1648
8,2942,1648
9,2942,1645
10,2952,1645
11,2952,1642
12,2939,1642
13,2939,1659
1,2962,1642
2,2962,1653
3,2962,1655
4,2961,1656
5,2960,1656
6,2959,1656
7,2958,1653
8,2954,1653
9,2955,1656
10,2956,1658
11,2957,1659
12,2959,1659
13,2963,1659
14,2964,1656
15,2965,1653
16,2965,1642
17,2962,1642
1,2975,1659
2,2978,1659
3,2978,1652
4,2985,1652
5,2985,1649
6,2978,1649
7,2978,1645
8,2986,1645
9,2986,1642
10,2975,1642
11,2975,1659
1,2990,1659
2,2993,1659
3,2993,1642
4,2990,1642
5,2990,1659
1,2996,1659
2,3000,1659
3,3000,1652
4,3000,1652
5,3003,1652
6,3003,1653
7,3005,1656
8,3008,1659
9,3012,1659
10,3010,1656
11,3008,1653
12,3006,1651
13,3009,1650
14,3010,1647
15,3010,1644
16,3008,1643
17,3006,1642
18,3003,1642
19,2996,1642
20,2996,1659
1,3000,1649
2,3000,1645
3,3003,1645
4,3004,1645
5,3005,1645
6,3006,1646
7,3007,1647
8,3007,1648
9,3005,1649
10,3005,1649
11,3003,1649
12,3000,1649
1,3013,1653
2,3013,1656
3,3015,1658
4,3017,1659
5,3020,1659
6,3023,1659
7,3026,1657
8,3026,1654
9,3026,1652
10,3024,1651
11,3021,1649
12,3018,1648
13,3018,1648
14,3017,1647
15,3018,1646
16,3019,1645
17,3021,1646
18,3022,1647
19,3026,1647
20,3025,1645
21,3024,1643
22,3022,1643
23,3019,1642
24,3016,1643
25,3014,1644
26,3013,1647
27,3014,1648
28,3015,1650
29,3016,1651
30,3018,1652
31,3021,1652
32,3021,1653
33,3023,1653
34,3023,1654
35,3022,1656
36,3020,1656
37,3018,1656
38,3016,1653
39,3013,1653
1,3033,1659
2,3037,1659
3,3037,1645
4,3042,1645
5,3042,1642
6,3028,1642
7,3028,1645
8,3033,1645
9,3033,1659
1,2516,2983
2,2516,307
3,4874,307
4,4874,2983
5,2516,2983
1,2817,2983
2,2817,307
1,2817,307
2,2817,322
1,2817,2983
2,2817,2968
1,3885,2983
2,3885,307
1,3885,307
2,3885,322
1,3885,2983
2,3885,2968
1,2516,2541
2,4874,2541
1,2516,2541
2,2530,2541
1,4874,2541
2,4858,2541
1,2516,1474
2,4874,1474
1,2516,1474
2,2530,1474
1,4874,1474
2,4858,1474
1,2516,407
2,4874,407
1,2516,407
2,2530,407
1,4874,407
2,4858,407
1,2377,3353
2,2377,2983
1,1178,3308
2,2375,3308
1,1179,3259
2,2376,3259
1,1180,3208
2,2376,3208
1,1179,3158
2,2376,3158
1,1178,3108
2,2375,3108
1,2829,3356
2,2829,2985
1,1177,3356
2,1177,2985
1,3815,3352
2,3815,2980
Line,xmin,ymin,xmax,ymax
